id,gelezen_soort,gelezen_artist,gelezen_title,gelezen_catno,release_id,vraagprijs,advies,titel,beschrijving,num_for_sale,lowest_eur,sug_vgplus,discogs_url,alternatieven,artiest_discogs,catno_discogs,formats,fotos,gelezen_a_kant,gelezen_aantal_nummers,gelezen_b_kant,gelezen_barcode,gelezen_beeld_punten,gelezen_bron,gelezen_country,gelezen_gatefold,gelezen_label,gelezen_lp_count,gelezen_notes,gelezen_release_id_auto,gelezen_staat_hoes,gelezen_year,genres,have,jaar_discogs,label_discogs,land_discogs,titel_discogs,tracklist,want
160630,LP,Gloria Gaynor,Never Can Say Goodbye,2315 321,466488,,"zeer courant, in een lot",LP Gloria Gaynor - Never Can Say Goodbye - MGM Records,"LP, MGM Records 2315 321
Persing Germany 1975
1x Vinyl LP Album Stereo
A1 Honey Bee
A2 Never Can Say Goodbye
A3 Reach Out, I'll Be There
B1 All I Need Is Your Sweet Lovin'
B2 Searchin'
B3 We Belong Together
B4 False Alarm
B5 Real Good People
Hoes: [invullen]. Vinyl: [invullen].
https://www.discogs.com/release/466488",199,1.13,,https://www.discogs.com/release/466488,1258631 France 1975 Vinyl LP Album | 1768598 UK 1975 Vinyl LP Album Partially Mixed Stereo | 2327335 Australia 1975 Vinyl LP Album Stereo,Gloria Gaynor,2315 321,1x Vinyl LP Album Stereo,IMG20260913160630.jpg;IMG_20260913_160652.jpg,,8,,,412,tracklist,Germany,False,MGM Records,1,herkend op tracklist: 8 van 8 tracktitels teruggevonden (via 2315 321),466488,,1975,"Funk / Soul, Soul, Disco",3624,1975,MGM Records,Germany,Never Can Say Goodbye,"A1 Honey Bee | A2 Never Can Say Goodbye | A3 Reach Out, I'll Be There | B1 All I Need Is Your Sweet Lovin' | B2 Searchin' | B3 We Belong Together | B4 False Alarm | B5 Real Good People",146
160800,LP,Vikki Carr,It Must Be Him,4 C058-90264,6265083,5.0,los of lot,"LP Vikki Carr - It Must Be Him - Liberty, Liberty","LP, Liberty, Liberty 4 C058-90264
Persing Belgium
1x Vinyl LP Compilation Reissue Stereo
A1 It Must Be Him
A2 None But The Lonely Heart
A3 Her Little Heart Went To Loveland
A4 Laia Ladaia (Reza)
A5 Look Again (Theme From 'Irma La Douce')
A6 Forget You
B1 Cuando Caliente El Sol
B2 How Does The Wine Taste
B3 Should I Follow
B4 May I Come In
B5 Toys
B6 San Francisco
Hoes: [invullen]. Vinyl: [invullen].
https://www.discogs.com/release/6265083",2,2.33,,https://www.discogs.com/release/6265083,"11130278 Belgium 1966 Vinyl 7"" 45 RPM Single | 11556327 Belgium 1976 Vinyl 7"" Single | 13469291 Belgium 1977 Vinyl 7"" Single",Vikki Carr,4 C058-90264,1x Vinyl LP Compilation Reissue Stereo,IMG20260913160800.jpg;IMG20260913160815.jpg,,12,,,400,tracklist,Belgium,False,Liberty,1,herkend op tracklist: 11 van 12 tracktitels teruggevonden (via C058-90264),6265083,,,"Jazz, Pop, Vocal, Easy Listening",20,0,"Liberty, Liberty",Belgium,It Must Be Him,A1 It Must Be Him | A2 None But The Lonely Heart | A3 Her Little Heart Went To Loveland | A4 Laia Ladaia (Reza) | A5 Look Again (Theme From 'Irma La Douce') | A6 Forget You | B1 Cuando Caliente El Sol | B2 How Does The Wine Taste | B3 Should I Follow | B4 May I Come In | B5 Toys | B6 San Francisco,12
160841,LP,The Professionals (8),Falling In And Out Of Love,WBS 5034,1386866,5.0,los of lot,LP The Professionals (8) - Falling In And Out Of Love - W.B.,"LP, W.B. Sound WBS 5034
Persing Belgium 1984
1x Vinyl LP Album Stereo
A1 Falling In And Out Of Love (Vocal)
A2 Primitive Man
A3 Jungle Drums (Part 1)
A4 Come On
A5 In The Middle Of The Floor
B1 Maigret Theme
B2 In The Middle Of The Floor
B3 Jungle Drums (Part 2)
B4 China Town
B5 Love Me
B6 Falling In And Out Of Love (Instr.)
Hoes: [invullen]. Vinyl: [invullen].
https://www.discogs.com/release/1386866",4,2.62,,https://www.discogs.com/release/1386866,"1703296 Belgium None Vinyl 12"" | 1289623 Belgium 1982 Vinyl 7"" 45 RPM Single",The Professionals (8),WBS 5034,1x Vinyl LP Album Stereo,IMG20260913160841.jpg;IMG20260913160850.jpg,,11,,,96,hoesbeeld,Belgium,False,W.B. Sound,1,herkend op hoesbeeld: 96 samenvallende punten met de afbeelding op Discogs (gevonden via tekstzoek: falling floor),1386866,,1984,"Electronic, Disco",42,1984,W.B. Sound,Belgium,Falling In And Out Of Love,A1 Falling In And Out Of Love (Vocal) | A2 Primitive Man | A3 Jungle Drums (Part 1) | A4 Come On | A5 In The Middle Of The Floor | B1 Maigret Theme | B2 In The Middle Of The Floor | B3 Jungle Drums (Part 2) | B4 China Town | B5 Love Me | B6 Falling In And Out Of Love (Instr.),14
160904,LP,Herb Alpert & The Tijuana Brass,...Sounds Like...,212 001,1903233,5.0,los of lot,LP Herb Alpert & The Tijuana Brass - ...Sounds Like... - A&M,"LP, A&M Records, A&M Records 212 001
Persing Germany 1967
1x Vinyl LP Album Stereo
A1 Gotta Lotta Livin' To Do
A2 Lady Godiva
A3 Bo-Bo
A4 Shades Of Blue
A5 In A Little Spanish Town
A6 Wade In The Water
B1 Town Without Pity
B2 The Charmer
B3 Treasure Of San Miguel
B4 Miss Frenchy Brown
B5 Casino Royale
Hoes: [invullen]. Vinyl: [invullen].
https://www.discogs.com/release/1903233",100,1.15,,https://www.discogs.com/release/1903233,8182759 Germany 1967 Vinyl LP Album Stereo | 8329850 Germany 1967 Vinyl LP Album Stereo | 6527324 Germany 1967 Vinyl LP Album Stereo,Herb Alpert & The Tijuana Brass,212 001,1x Vinyl LP Album Stereo,IMG20260913160904.jpg;IMG20260913160913.jpg,,11,,,548,tracklist,Germany,False,A&M Records,1,herkend op tracklist: 10 van 11 tracktitels teruggevonden (via 212001),1903233,,1967,"Jazz, Latin Jazz, Easy Listening",734,1967,"A&M Records, A&M Records",Germany,...Sounds Like...,A1 Gotta Lotta Livin' To Do | A2 Lady Godiva | A3 Bo-Bo | A4 Shades Of Blue | A5 In A Little Spanish Town | A6 Wade In The Water | B1 Town Without Pity | B2 The Charmer | B3 Treasure Of San Miguel | B4 Miss Frenchy Brown | B5 Casino Royale,31
161046,LP,Bobby Vinton,The Very Best Of Bobby Vinton,ADEH 99,5149189,5.0,los of lot,LP Bobby Vinton - The Very Best Of Bobby Vinton - Arcade Rec,"LP, Arcade Records (3) ADEH 99
Persing Netherlands 1982
1x Vinyl LP Compilation Gatefold
A1 Mr. Lonely
A2 I Love How You Love Me
A3 Rain, Rain, Go Away
A4 There, I've Said It Again
A5 But I Do
A6 Tell Me Why
A7 And I Love You So
A8 Lavender Blue
A9 Roses Are Red (My Love)
B1 Blue Velvet
B2 My Special Angel
B3 Blue On Blue
B4 Only Love Can Break A Heart
B5 My Heart Belongs To Only You
B6 Please Love Me Forever
B7 My Melody Of Love
B8 Hurt
B9 Sealed With A Kiss
Hoes: [invullen]. Vinyl: [invullen].
https://www.discogs.com/release/5149189",23,1.1,,https://www.discogs.com/release/5149189,492577 Netherlands 1981 Vinyl LP Compilation Stereo | 208722 Netherlands 1983 Vinyl LP Compilation Mixed Stereo | 6886099 Netherlands 1982 Vinyl LP Compilation,Bobby Vinton,ADEH 99,1x Vinyl LP Compilation Gatefold,IMG20260913161046.jpg;IMG20260913161056.jpg,,18,,,219,tracklist,Netherlands,True,Arcade Records (3),1,herkend op tracklist: 15 van 18 tracktitels teruggevonden (via hint artiest+titel),5149189,,1982,Pop,293,1982,Arcade Records (3),Netherlands,The Very Best Of Bobby Vinton,"A1 Mr. Lonely | A2 I Love How You Love Me | A3 Rain, Rain, Go Away | A4 There, I've Said It Again | A5 But I Do | A6 Tell Me Why | A7 And I Love You So | A8 Lavender Blue | A9 Roses Are Red (My Love) | B1 Blue Velvet | B2 My Special Angel | B3 Blue On Blue | B4 Only Love Can Break A Heart | B5 My Heart Belongs To Only You | B6 Please Love Me Forever | B7 My Melody Of Love | B8 Hurt | B9 Sealed With A Kiss",16
161115,LP,André Hazes,Met Liefde,1A 068-26853,908758,5.0,los of lot,LP André Hazes - Met Liefde - EMI,"LP, EMI 1A 068-26853
Persing Netherlands 1982
1x Vinyl LP Album
A1 Amor, Amor, Amor
A2 Laat Me
A3 Alsjeblieft Laat Me Zeggen Schat
A4 Als Ik De Deur Achter Me Sluit
A5 Ik Heb 't Altijd Al Geweten
A6 Vandaag
B1 Vergeef 't Mij
B2 Alles Kreeg Je Wat Je Vroeg
B3 Als Je Gaat
B4 Straks Is Het Zomer
B5 Diep In Mijn Hart
B6 De Sneuvelkroeg
Hoes: [invullen]. Vinyl: [invullen].
https://www.discogs.com/release/908758",50,0.86,,https://www.discogs.com/release/908758,20196286 Netherlands 1982 Vinyl LP Album | 20966773 Netherlands 2021 Vinyl LP Reissue | 36108892 Netherlands 2025 Vinyl LP Album,André Hazes,1A 068-26853,1x Vinyl LP Album,IMG20260913161115.jpg;IMG20260913161133.jpg,,12,,,359,hoesbeeld,Netherlands,False,EMI,1,herkend op hoesbeeld: 359 samenvallende punten met de afbeelding op Discogs (gevonden via hint artiest+titel),20196286,,1982,"Rock, Pop, Ballad, Schlager, Levenslied",2279,1982,EMI,Netherlands,Met Liefde,"A1 Amor, Amor, Amor | A2 Laat Me | A3 Alsjeblieft Laat Me Zeggen Schat | A4 Als Ik De Deur Achter Me Sluit | A5 Ik Heb 't Altijd Al Geweten | A6 Vandaag | B1 Vergeef 't Mij | B2 Alles Kreeg Je Wat Je Vroeg | B3 Als Je Gaat | B4 Straks Is Het Zomer | B5 Diep In Mijn Hart | B6 De Sneuvelkroeg",50
161142,LP,André Hazes,Met Liefde,1A 068-26853,908758,5.0,los of lot,LP André Hazes - Met Liefde - EMI,"LP, EMI 1A 068-26853
Persing Netherlands 1982
1x Vinyl LP Album
A1 Amor, Amor, Amor
A2 Laat Me
A3 Alsjeblieft Laat Me Zeggen Schat
A4 Als Ik De Deur Achter Me Sluit
A5 Ik Heb 't Altijd Al Geweten
A6 Vandaag
B1 Vergeef 't Mij
B2 Alles Kreeg Je Wat Je Vroeg
B3 Als Je Gaat
B4 Straks Is Het Zomer
B5 Diep In Mijn Hart
B6 De Sneuvelkroeg
Hoes: [invullen]. Vinyl: [invullen].
https://www.discogs.com/release/908758",50,0.86,,https://www.discogs.com/release/908758,20196286 Netherlands 1982 Vinyl LP Album | 20966773 Netherlands 2021 Vinyl LP Reissue | 36108892 Netherlands 2025 Vinyl LP Album,André Hazes,1A 068-26853,1x Vinyl LP Album,IMG20260913161142.jpg;IMG20260913161156.jpg;IMG20260913161203.jpg,,12,,,168,tracklist,Netherlands,False,EMI,1,herkend op tracklist: 11 van 12 tracktitels teruggevonden (via 1A068-26853),908758,,1982,"Rock, Pop, Ballad, Schlager, Levenslied",2279,1982,EMI,Netherlands,Met Liefde,"A1 Amor, Amor, Amor | A2 Laat Me | A3 Alsjeblieft Laat Me Zeggen Schat | A4 Als Ik De Deur Achter Me Sluit | A5 Ik Heb 't Altijd Al Geweten | A6 Vandaag | B1 Vergeef 't Mij | B2 Alles Kreeg Je Wat Je Vroeg | B3 Als Je Gaat | B4 Straks Is Het Zomer | B5 Diep In Mijn Hart | B6 De Sneuvelkroeg",50
161218,LP,Timi Yuro,This Is Timi Yuro - Hurt And Smile,5D 128-52695/6,4724619,5.0,los of lot,LP Timi Yuro - This Is Timi Yuro - Hurt And Smile - Sunset R,"LP, Sunset Records, Sunset Records 5D 128-52695/6
Persing Netherlands
2x Vinyl LP Compilation Gatefold
Hurt
A1 Hurt
A2 Something Bad On My Mind
A3 I'll Never Fall In Love Again
A4 What's A Matter Baby
A5 Fever
A6 Should I Ever Love Again
B1 It's Too Soon To Know
B2 You Know You Don't Want Me
B3 The Love Of A Boy
B4 Let Me Call You Sweetheart
B5 I Ain't Gonna Cry No More
B6 Only Love Me
Smile
C1 It'll Never Be Over For Me
C2 Guess Who
C3 When He Wants A Woman
C4 As Long As There Is You
C5 Just Say I Love Him
C6 My Prayer
D1 Interlude
D2 Wrong
D3 Hallelujah I Love Him So
D4 That's Right, Walk On By
D5 I Can't Believe I'm Loosing You
D6 Hey Girl (Hey Boy)
Hoes: [invullen]. Vinyl: [invullen].
https://www.discogs.com/release/4724619",36,1.38,,https://www.discogs.com/release/4724619,35606308 Netherlands None Vinyl LP Compilation Reissue | 8278587 US 1979 Vinyl LP Compilation | 5345312 UK 1966 Vinyl LP Compilation Reissue Mono,Timi Yuro,5D 128-52695/6,2x Vinyl LP Compilation Gatefold,IMG20260913161218.jpg;IMG20260913161226.jpg;IMG20260913161238.jpg,,26,,,243,tracklist,Netherlands,True,Sunset Records,2,herkend op tracklist: 20 van 26 tracktitels teruggevonden (via 5D128-52695),4724619,,,"Funk / Soul, Pop, Soul, Ballad",158,0,"Sunset Records, Sunset Records",Netherlands,This Is Timi Yuro - Hurt And Smile,"Hurt | A1 Hurt | A2 Something Bad On My Mind | A3 I'll Never Fall In Love Again | A4 What's A Matter Baby | A5 Fever | A6 Should I Ever Love Again | B1 It's Too Soon To Know | B2 You Know You Don't Want Me | B3 The Love Of A Boy | B4 Let Me Call You Sweetheart | B5 I Ain't Gonna Cry No More | B6 Only Love Me | Smile | C1 It'll Never Be Over For Me | C2 Guess Who | C3 When He Wants A Woman | C4 As Long As There Is You | C5 Just Say I Love Him | C6 My Prayer | D1 Interlude | D2 Wrong | D3 Hallelujah I Love Him So | D4 That's Right, Walk On By | D5 I Can't Believe I'm Loosing You | D6 Hey Girl (Hey Boy)",16
161310,LP,Lee Towers,New York,204.867,1029942,5.0,los of lot,"LP Lee Towers - New York - Ariola, Ariola","LP, Ariola, Ariola 204.867
Persing Europe 1982
1x Vinyl LP Album Stereo
A1 New York, New York
A2 Love Is All
A3 Midnight Crazy
A4 Your Place Is Here With Me
A5 Song For The Unknown Soldier
A6 If You'd Known My Mind
B1 I'm All Smiles
B2 Bloodline
B3 Watch What Happens
B4 We're All Alone
B5 I Can See Clearly Now
B6 Joe Turner's Blues
Hoes: [invullen]. Vinyl: [invullen].
https://www.discogs.com/release/1029942",60,1.16,,https://www.discogs.com/release/1029942,"25713595 Europe 1982 Vinyl LP Album Stereo | 12101055 US 1952 Vinyl 10"" 78 RPM Promo | 15961601 Israel 2020 Vinyl LP Album Reissue",Lee Towers,204.867,1x Vinyl LP Album Stereo,IMG20260913161310.jpg;IMG20260913161345.jpg,,12,,,491,tracklist,Europe,False,Ariola,1,herkend op tracklist: 12 van 12 tracktitels teruggevonden (via hint artiest+titel),1029942,,1982,"Pop, Vocal",688,1982,"Ariola, Ariola",Europe,New York,"A1 New York, New York | A2 Love Is All | A3 Midnight Crazy | A4 Your Place Is Here With Me | A5 Song For The Unknown Soldier | A6 If You'd Known My Mind | B1 I'm All Smiles | B2 Bloodline | B3 Watch What Happens | B4 We're All Alone | B5 I Can See Clearly Now | B6 Joe Turner's Blues",7
161415,LP,"Barry White, Love Unlimited, Love Unlimited Orchestra",Grand Gala,6830 169,583091,5.0,los of lot,"LP Barry White, Love Unlimited, Love Unlimited Orchestra - G","LP, Philips 6830 169
Persing Netherlands 1973
1x Vinyl LP Compilation
A1 Never, Never Gonna Give Ya Up
A2 I've Got So Much To Give
A3 I'm Gonna Love You Just A Little More Baby
A4 Just A Little More Baby
A5 Bring Back My Yesterday
B1 It May Be Winter Outside (But In My Heart It's Spring)
B2 Love's Theme
B3 Under The Influence Of Love
B4 Sweet Moments
B5 Oh Love, Well We Finally Made It
Hoes: [invullen]. Vinyl: [invullen].
https://www.discogs.com/release/583091",119,1.16,,https://www.discogs.com/release/583091,25302598 Worldwide 2022 Vinyl LP Album Reissue Remastered Repress Vinyl LP Compilation Picture Disc All Media | 26253368 Worldwide 2022 Vinyl LP Album Reissue Remastered Repress Vinyl LP Compilation Picture Disc Box Set Numbered,"Barry White, Love Unlimited, Love Unlimited Orchestra",6830 169,1x Vinyl LP Compilation,IMG20260913161415.jpg;IMG20260913161425.jpg,,10,,,405,tracklist,Netherlands,False,Philips,1,herkend op tracklist: 10 van 10 tracktitels teruggevonden (via 6830 169),583091,,1973,"Funk / Soul, Soul",2298,1973,Philips,Netherlands,Grand Gala,"A1 Never, Never Gonna Give Ya Up | A2 I've Got So Much To Give | A3 I'm Gonna Love You Just A Little More Baby | A4 Just A Little More Baby | A5 Bring Back My Yesterday | B1 It May Be Winter Outside (But In My Heart It's Spring) | B2 Love's Theme | B3 Under The Influence Of Love | B4 Sweet Moments | B5 Oh Love, Well We Finally Made It",63
161519,LP,Diana Ross,Why Do Fools Fall In Love,1A 064-86441,489036,,"zeer courant, in een lot","LP Diana Ross - Why Do Fools Fall In Love - Capitol Records,","LP, Capitol Records, Capitol Records 1A 064-86441
Persing Europe 1981
1x Vinyl LP Album Stereo
A1 Why Do Fools Fall In Love
A2 Sweet Surrender
A3 Mirror, Mirror
A4 Endless Love
B1 It's Never Too Late
B2 Think I'm In Love
B3 Sweet Nothings
B4 Two Can Make It
B5 Work That Body
Hoes: [invullen]. Vinyl: [invullen].
https://www.discogs.com/release/489036",367,0.68,,https://www.discogs.com/release/489036,22184638 Europe 1981 Vinyl LP Album Stereo | 2738343 Europe 1981 Vinyl LP Album Test Pressing,Diana Ross,1A 064-86441,1x Vinyl LP Album Stereo,IMG20260913161519.jpg;IMG20260913161557.jpg;IMG20260913161610.jpg,,9,,,586,tracklist,Europe,False,Capitol Records,1,herkend op tracklist: 8 van 9 tracktitels teruggevonden (via hint catno),489036,,1981,"Funk / Soul, Soul, Disco",5338,1981,"Capitol Records, Capitol Records",Europe,Why Do Fools Fall In Love,"A1 Why Do Fools Fall In Love | A2 Sweet Surrender | A3 Mirror, Mirror | A4 Endless Love | B1 It's Never Too Late | B2 Think I'm In Love | B3 Sweet Nothings | B4 Two Can Make It | B5 Work That Body",96
161700,LP,"Peter Nero, Mike Di Napoli","Starring Peter Nero, Also Featuring The Magic Rhythms Of Mike DiNapoli",DEA 1017,2773281,5.0,los of lot,"LP Peter Nero, Mike Di Napoli - Starring Peter Nero, Also Fe","LP, Deacon Records DEA 1017
Persing UK 1970
1x Vinyl LP Album Mono
A1 Our Love Is Here To Stay
A2 There Will Never Be Another You
A3 Lullaby Of The Leaves
A4 The Way You Look Tonight
A5 Groovy Times
B1 Flamingo
B2 Blue Moon
B3 Yesterday
B4 Devilish Love
B5 Little Girl
Hoes: [invullen]. Vinyl: [invullen].
https://www.discogs.com/release/2773281",17,1.55,,https://www.discogs.com/release/2773281,12965736 UK 1970 Vinyl LP Album Stereo | 7578058 US None Vinyl LP Album Stereo,"Peter Nero, Mike Di Napoli",DEA 1017,1x Vinyl LP Album Mono,IMG20260913161700.jpg;IMG20260913161710.jpg,,10,,,373,tracklist,UK,False,Deacon Records,1,herkend op tracklist: 10 van 10 tracktitels teruggevonden (via DEA1017),2773281,,1970,"Jazz, Contemporary Jazz",57,1970,Deacon Records,UK,"Starring Peter Nero, Also Featuring The Magic Rhythms Of Mike DiNapoli",A1 Our Love Is Here To Stay | A2 There Will Never Be Another You | A3 Lullaby Of The Leaves | A4 The Way You Look Tonight | A5 Groovy Times | B1 Flamingo | B2 Blue Moon | B3 Yesterday | B4 Devilish Love | B5 Little Girl,3
161751,LP,Various,That's Soul 8,2484 053,2364569,5.0,los of lot,LP Various - That's Soul 8 - Polydor,"LP, Polydor 2484 053
Persing Netherlands 1972
1x Vinyl LP Compilation
A1 There It Is (Part 1)
A2 My Man A Sweet Man
A3 Pop That Thang
A4 Back Up Train
A5 Power Of Love
A6 I've Been Lonely For So Long
B1 I'll Take You There
B2 6-3-8
B3 Ain't That Loving You
B4 This Old Heart Of Mine
B5 Pass The Peas
B6 Starting All Over Again
Hoes: [invullen]. Vinyl: [invullen].
https://www.discogs.com/release/2364569",15,1.63,,https://www.discogs.com/release/2364569,4043373 Netherlands 1973 Vinyl LP Compilation Reissue | 2211706 Netherlands 1981 Vinyl LP Compilation | 8545521 Netherlands 1977 Vinyl LP Compilation Stereo,Various,2484 053,1x Vinyl LP Compilation,IMG20260913161751.jpg;IMG20260913161759.jpg,,12,,,86,tracklist,Netherlands,False,Polydor,1,herkend op tracklist: 11 van 12 tracktitels teruggevonden (via tekstzoek: Soul8 That's),2364569,,1972,"Funk / Soul, Soul",573,1972,Polydor,Netherlands,That's Soul 8,A1 There It Is (Part 1) | A2 My Man A Sweet Man | A3 Pop That Thang | A4 Back Up Train | A5 Power Of Love | A6 I've Been Lonely For So Long | B1 I'll Take You There | B2 6-3-8 | B3 Ain't That Loving You | B4 This Old Heart Of Mine | B5 Pass The Peas | B6 Starting All Over Again,46
161816,LP,Barbra Streisand,Barbra Streisand's Greatest Hits,63921,3053377,5.0,los of lot,LP Barbra Streisand - Barbra Streisand's Greatest Hits - CBS,"LP, CBS 63921
Persing Netherlands 1970
1x Vinyl LP Compilation
A1 People (From The Musical 'Funny Girl')
A2 Second Hand Rose
A3 Why Did I Choose You
A4 He Touched Me (From The Musical 'Drat The Cat')
A5 Free Again (Non C'est Rien)
A6 Don't Rain On My Parade (From The Musical 'Funny Girl')
B1 My Colouring Book
B2 Sam, You Made My Pants Too Long (Based On 'Lawd, You Made The Nights Too Long')
B3 My Man (Mon Homme)
B4 Gotta Move
B5 Happy Days Are Here Again
Hoes: [invullen]. Vinyl: [invullen].
https://www.discogs.com/release/3053377",33,1.16,,https://www.discogs.com/release/3053377,25149907 Netherlands None Vinyl LP Compilation Reissue Stereo | 2641085 UK 1970 Vinyl LP Compilation | 7978233 Europe None Vinyl LP Compilation Reissue,Barbra Streisand,63921,1x Vinyl LP Compilation,IMG20260913161816.jpg;IMG20260913161823.jpg,,11,,,41,hoesbeeld,Netherlands,False,CBS,1,herkend op hoesbeeld: 41 samenvallende punten met de afbeelding op Discogs (breed gezocht via 'Barbra Streisand's'),3053377,,1970,"Pop, Stage & Screen, Vocal, Easy Listening",428,1970,CBS,Netherlands,Barbra Streisand's Greatest Hits,"A1 People (From The Musical 'Funny Girl') | A2 Second Hand Rose | A3 Why Did I Choose You | A4 He Touched Me (From The Musical 'Drat The Cat') | A5 Free Again (Non C'est Rien) | A6 Don't Rain On My Parade (From The Musical 'Funny Girl') | B1 My Colouring Book | B2 Sam, You Made My Pants Too Long (Based On 'Lawd, You Made The Nights Too Long') | B3 My Man (Mon Homme) | B4 Gotta Move | B5 Happy Days Are Here Again",17
161839,LP,Sam Cooke,The Man And His Music,PL 87127(2),671832,5.0,los of lot,LP Sam Cooke - The Man And His Music - RCA,"LP, RCA PL 87127(2)
Persing Europe 1986
2x Vinyl LP Compilation Remastered Gatefold
A1 Touch The Hem Of His Garment
A2 That's Heaven To Me
A3 I'll Come Running Back To You
A4 You Send Me
A5 Win Your Love For Me
A6 Just For You
A7 Chain Gang
B1 When A Boy Falls In Love
B2 Only Sixteen
B3 Wonderful World
B4 Cupid
B5 Nothing Can Change This Love
B6 Rome Wasn't Built In A Day
B7 Love Will Find A Way
C1 Everybody Loves To Cha Cha Cha
C2 Another Saturday Night
C3 Meet Me At Mary's Place
C4 Having A Party
C5 Good Times
C6 Twistin' The Night Away
C7 Shake
D1 Somebody Have Mercy
D2 Sad Mood
D3 Ain't That Good News
D4 Bring It On Home To Me
D5 Soothe Me
Hoes: [invullen]. Vinyl: [invullen].
https://www.discogs.com/release/671832",95,3.91,,https://www.discogs.com/release/671832,14402574 Europe 1986 Vinyl LP Compilation Remastered | 7856052 Europe 1986 Vinyl LP Compilation Remastered | 13912410 Europe 1986 Vinyl LP Compilation Remastered,Sam Cooke,PL 87127(2),2x Vinyl LP Compilation Remastered Gatefold,IMG20260913161839.jpg;IMG20260913161846.jpg;IMG20260913161905.jpg,,28,,0035628712714,227,tracklist,Europe,True,RCA,2,herkend op tracklist: 19 van 28 tracktitels teruggevonden (via PL87127),7856052,,1986,"Funk / Soul, Soul, Gospel, Twist",2860,1986,RCA,Europe,The Man And His Music,A1 Touch The Hem Of His Garment | A2 That's Heaven To Me | A3 I'll Come Running Back To You | A4 You Send Me | A5 Win Your Love For Me | A6 Just For You | A7 Chain Gang | B1 When A Boy Falls In Love | B2 Only Sixteen | B3 Wonderful World | B4 Cupid | B5 Nothing Can Change This Love | B6 Rome Wasn't Built In A Day | B7 Love Will Find A Way | C1 Everybody Loves To Cha Cha Cha | C2 Another Saturday Night | C3 Meet Me At Mary's Place | C4 Having A Party | C5 Good Times | C6 Twistin' The Night Away | C7 Shake | D1 Somebody Have Mercy | D2 Sad Mood | D3 Ain't That Good News | D4 Bring It On Home To Me | D5 Soothe Me,118
161928,LP,Shirley Bassey,Something,UAS 29100,11512170,7.5,los of lot,"LP Shirley Bassey - Something - United Artists Records, Unit","LP, United Artists Records, United Artists Records UAS 29100
Persing France 1970
1x Vinyl LP Album Stereo
A1 Something
A2 Spinning Wheel
A3 Yesterday I Heard The Rain
A4 The Sea And Sand
A5 My Way
A6 What About Today?
B1 You And I
B2 Light My Fire
B3 Easy To Be Hard
B4 Life Goes On
B5 What Are You Doing The Rest Of Life?
B6 Yesterday When I Was Young
Hoes: [invullen]. Vinyl: [invullen].
https://www.discogs.com/release/11512170",8,5.23,,https://www.discogs.com/release/11512170,2067922 France None Vinyl LP Album Reissue | 26870570 France None Vinyl LP Album Reissue Stereo | 31220071 France None Vinyl LP Album Reissue Stereo,Shirley Bassey,UAS 29100,1x Vinyl LP Album Stereo,IMG20260913161928.jpg;IMG20260913161940.jpg,,12,,,144,hoesbeeld,France,False,United Artists Records,1,herkend op hoesbeeld: 144 samenvallende punten met de afbeelding op Discogs (gevonden via hint catno),11512170,,1970,"Jazz, Funk / Soul, Pop, Easy Listening, Vocal",130,1970,"United Artists Records, United Artists Records",France,Something,A1 Something | A2 Spinning Wheel | A3 Yesterday I Heard The Rain | A4 The Sea And Sand | A5 My Way | A6 What About Today? | B1 You And I | B2 Light My Fire | B3 Easy To Be Hard | B4 Life Goes On | B5 What Are You Doing The Rest Of Life? | B6 Yesterday When I Was Young,28
162011,LP,Julio Iglesias,Sentimental,CBS84357,2323006,5.0,los of lot,LP Julio Iglesias - Sentimental - CBS,"LP, CBS CBS 84357
Persing Europe 1980
1x Vinyl LP Album Stereo Gatefold
A1 C'est Ma Vie
A2 Elle
A3 Je Chante
A4 Une Nuit De Carnaval
A5 Ma Chance Et Ma Chanson
B1 Quand Tu N'es Plus Là
B2 Sentimental
B3 Il Faut Toujours Un Perdant
B4 Jolie
B5 J'ai Besoin D'un Peu D'amour
Hoes: [invullen]. Vinyl: [invullen].
https://www.discogs.com/release/2323006",68,1.15,,https://www.discogs.com/release/2323006,19879225 Europe 1980 Vinyl LP Album Stereo | 9082552 Europe 1980 Vinyl LP Album | 21761920 Europe 1980 Vinyl LP Album,Julio Iglesias,CBS 84357,1x Vinyl LP Album Stereo Gatefold,IMG20260913162011.jpg;IMG20260913162019.jpg,,10,,,60,tracklist,Europe,False,CBS,1,herkend op tracklist: 8 van 10 tracktitels teruggevonden (via 84357),9082552,,1980,"Pop, Chanson",811,1980,CBS,Europe,Sentimental,A1 C'est Ma Vie | A2 Elle | A3 Je Chante | A4 Une Nuit De Carnaval | A5 Ma Chance Et Ma Chanson | B1 Quand Tu N'es Plus Là | B2 Sentimental | B3 Il Faut Toujours Un Perdant | B4 Jolie | B5 J'ai Besoin D'un Peu D'amour,27
162033,LP,Julio Iglesias,Emociones,CBS 83703,850689,5.0,los of lot,"LP Julio Iglesias - Emociones - CBS, CBS","LP, CBS, CBS CBS 83703
Persing Netherlands 1979
1x Vinyl LP Album
A1 Me Olvide De Vivir
A2 Voy A Perder La Cabeza Por Tu Amor
A3 Spanish Girl
A4 Pobre Diablo
A5 Quiereme (Basada En Las Danzas Polovtsianas De ""El Principe Igor"")
B1 Preguntale
B2 Quiereme Mucho
B3 Con Una Pinta Asi
B4 No Vengo Ni Voy
B5 Un Dia Tu, Un Dia Yo
Hoes: [invullen]. Vinyl: [invullen].
https://www.discogs.com/release/850689",119,0.52,,https://www.discogs.com/release/850689,7230213 Netherlands 1979 Vinyl LP Album | 4121688 Spain 1978 Vinyl LP Album | 4377845 Spain 1980 Vinyl LP Album Reissue,Julio Iglesias,CBS 83703,1x Vinyl LP Album,IMG20260913162033.jpg;IMG20260913162038.jpg,,10,,,230,tracklist,Netherlands,False,CBS,1,herkend op tracklist: 9 van 10 tracktitels teruggevonden (via 83703),850689,,1979,"Latin, Pop, Latin Pop, Ballad",1956,1979,"CBS, CBS",Netherlands,Emociones,"A1 Me Olvide De Vivir | A2 Voy A Perder La Cabeza Por Tu Amor | A3 Spanish Girl | A4 Pobre Diablo | A5 Quiereme (Basada En Las Danzas Polovtsianas De ""El Principe Igor"") | B1 Preguntale | B2 Quiereme Mucho | B3 Con Una Pinta Asi | B4 No Vengo Ni Voy | B5 Un Dia Tu, Un Dia Yo",58
162056,LP,Julio Iglesias,Aimer La Vie... Canta En Frances,S 82854,18000364,,geen marktdata - zelf bekijken,LP Julio Iglesias - Aimer La Vie... Canta En Frances - CBS,"LP, CBS S 82854
Persing Spain 1982
1x Vinyl LP Album Reissue Stereo Gatefold
Julio Iglesias Canta En Frances Aimer La Vie
A1 Aimer La Vie
A2 Une Chanson Sentimentale
A3 Ne T'En Va Pas Je T'Aime
A4 Amigo
A5 Tendre Voleur
B1 Le Monde Est Fou, Le Monde Est Beau
B2 A La Croisee Des Chemins
B3 Mes Trente Trois Ans
B4 J'Ai Besoin De Toi
B5 Stai
Hoes: [invullen]. Vinyl: [invullen].
https://www.discogs.com/release/18000364",0,,,https://www.discogs.com/release/18000364,838323 Europe 1978 Vinyl LP Album Stereo | 3555347 Europe 1978 Vinyl LP Album | 29894959 France 1978 Vinyl LP Album,Julio Iglesias,S 82854,1x Vinyl LP Album Reissue Stereo Gatefold,IMG20260913162056.jpg;IMG20260913162103.jpg,,11,,,204,tracklist,Spain,True,CBS,1,herkend op tracklist: 8 van 11 tracktitels teruggevonden (via 82854),18000364,,1982,"Latin, Pop, Chanson, Easy Listening",4,1982,CBS,Spain,Aimer La Vie... Canta En Frances,"Julio Iglesias Canta En Frances Aimer La Vie | A1 Aimer La Vie | A2 Une Chanson Sentimentale | A3 Ne T'En Va Pas Je T'Aime | A4 Amigo | A5 Tendre Voleur | B1 Le Monde Est Fou, Le Monde Est Beau | B2 A La Croisee Des Chemins | B3 Mes Trente Trois Ans | B4 J'Ai Besoin De Toi | B5 Stai",1
162120,LP,Julio Iglesias,The 24 Greatest Songs,CBS 88469,552918,5.0,los of lot,"LP Julio Iglesias - The 24 Greatest Songs - CBS, CBS","LP, CBS, CBS CBS 88469
Persing Netherlands 1979
2x Vinyl LP Compilation Gatefold
A1 Quireme Mucho
A2 Quiero
A3 Cuidado Amor
A4 Abrazame
A5 Me Olvide De Vivir
A6 Por Un Poco De Tu Amor
B1 A Veces Tu, A Veces Yo
B2 Por El Amor De Una Mujer
B3 El Amor
B4 Sono Io
B5 Un Canto A Galicia
B6 A Flor De Piel
C1 Soy Un Truhan, Soy Un Señor
C2 Candilejas
C3 Cu-Cu-Rru-Cu-Cu Paloma
C4 Quireme
C5 Alma Llanera
C6 Preguntale
D1 Manuela
D2 Pobre Diablo
D3 Jurame
D4 Un Dia Tu Un Dia Yo
D5 Caminito
D6 33 Años
Hoes: [invullen]. Vinyl: [invullen].
https://www.discogs.com/release/552918",91,0.78,,https://www.discogs.com/release/552918,16566702 Netherlands 1979 Vinyl LP Compilation Reissue | 27268434 Netherlands 1979 Vinyl LP Compilation Reissue Stereo | 6981802 Europe 1979 Vinyl LP Compilation Stereo,Julio Iglesias,CBS 88469,2x Vinyl LP Compilation Gatefold,IMG20260913162120.jpg;IMG20260913162126.jpg;IMG20260913162152.jpg,,24,,,301,tracklist,Netherlands,True,CBS,2,herkend op tracklist: 22 van 24 tracktitels teruggevonden (via 88469),552918,,1979,"Latin, Pop, Soft Rock, Pop Rock",3467,1979,"CBS, CBS",Netherlands,The 24 Greatest Songs,"A1 Quireme Mucho | A2 Quiero | A3 Cuidado Amor | A4 Abrazame | A5 Me Olvide De Vivir | A6 Por Un Poco De Tu Amor | B1 A Veces Tu, A Veces Yo | B2 Por El Amor De Una Mujer | B3 El Amor | B4 Sono Io | B5 Un Canto A Galicia | B6 A Flor De Piel | C1 Soy Un Truhan, Soy Un Señor | C2 Candilejas | C3 Cu-Cu-Rru-Cu-Cu Paloma | C4 Quireme | C5 Alma Llanera | C6 Preguntale | D1 Manuela | D2 Pobre Diablo | D3 Jurame | D4 Un Dia Tu Un Dia Yo | D5 Caminito | D6 33 Años",100
162304,LP,Julio Iglesias,Fidèle,CBS 85066,788488,5.0,los of lot,LP Julio Iglesias - Fidèle - CBS,"LP, CBS CBS 85066
Persing Europe 1981
1x Vinyl LP Album Stereo Gatefold
A1 Viens M'embrasser (Abrazame)
A2 Une Chanson Qui Revient (Begin The Beguine)
A3 Les Dérobades (O Me Quieres O Me Dejas)
A4 L'amour Au Grand Soleil (Island In The Sun)
A5 C'est Toi Ma Chanson (De Nina A Mujer)
B1 Mon Pauvre Cœur (Dispues De Ti)
B2 L'amour Est Fou, Madame (Si, Madame)
B3 Tu Danses, Danses, Danses (Grande, Grande, Grande)
B4 Un Jour Tu Ris, Un Jour Tu Pleures (No Soy De Aqui)
B5 Fidèle (Amantes)
Hoes: [invullen]. Vinyl: [invullen].
https://www.discogs.com/release/788488",47,0.56,,https://www.discogs.com/release/788488,7498916 Europe 1981 Vinyl LP Album Stereo | 13404667 Spain 1981 Vinyl LP Stereo | 35785192 Israel 1981 Vinyl LP Album Stereo,Julio Iglesias,CBS 85066,1x Vinyl LP Album Stereo Gatefold,IMG20260913162304.jpg;IMG20260913162310.jpg,,10,,,329,tracklist,Europe,True,CBS,1,herkend op tracklist: 7 van 10 tracktitels teruggevonden (via 85066),7498916,,1981,"Latin, Pop, Soft Rock, Pop Rock",622,1981,CBS,Europe,Fidèle,"A1 Viens M'embrasser (Abrazame) | A2 Une Chanson Qui Revient (Begin The Beguine) | A3 Les Dérobades (O Me Quieres O Me Dejas) | A4 L'amour Au Grand Soleil (Island In The Sun) | A5 C'est Toi Ma Chanson (De Nina A Mujer) | B1 Mon Pauvre Cœur (Dispues De Ti) | B2 L'amour Est Fou, Madame (Si, Madame) | B3 Tu Danses, Danses, Danses (Grande, Grande, Grande) | B4 Un Jour Tu Ris, Un Jour Tu Pleures (No Soy De Aqui) | B5 Fidèle (Amantes)",21
162345,LP,Gilbert O'Sullivan,Himself,MAMA 501,808253,5.0,los of lot,LP Gilbert O'Sullivan - Himself - MAM,"LP, MAM MAMA 501
Persing Germany 1971
1x Vinyl LP Album Gatefold
A1 Intro
A2 January Git
A3 Bye-Bye
A4 Permissive Twit
A5 Matrimony
A6 Independent Air
A7 Nothing Rhymed
B1 Too Much Attention
B2 Susan Van Heusan
B3 If I Don't Get You (Back Again)
B4 Thunder And Lightning
B5 Houdini Said
B6 Doing The Best I Can
B7 Outro
Hoes: [invullen]. Vinyl: [invullen].
https://www.discogs.com/release/808253",141,0.34,,https://www.discogs.com/release/808253,9374494 Germany 1971 Vinyl LP Album Stereo | 2032742 Denmark 1980 Vinyl LP Album,Gilbert O'Sullivan,MAMA 501,1x Vinyl LP Album Gatefold,IMG20260913162345.jpg;IMG20260913162355.jpg;IMG20260913162410.jpg,,14,,,274,tracklist,Germany,True,MAM,1,herkend op tracklist: 10 van 14 tracktitels teruggevonden (via hint catno),808253,,1971,"Pop, Folk Rock",1340,1971,MAM,Germany,Himself,A1 Intro | A2 January Git | A3 Bye-Bye | A4 Permissive Twit | A5 Matrimony | A6 Independent Air | A7 Nothing Rhymed | B1 Too Much Attention | B2 Susan Van Heusan | B3 If I Don't Get You (Back Again) | B4 Thunder And Lightning | B5 Houdini Said | B6 Doing The Best I Can | B7 Outro,41
162431,LP,Carmen Cavallaro,The Eddy Duchin Story,COPS 1262,1942885,5.0,los of lot,LP Carmen Cavallaro - The Eddy Duchin Story - Coral,"LP, Coral COPS 1262
Persing Italy 1974
1x Vinyl LP Album
A1 To Love Again
A2 Manhattan
A3 Shine On Harvest Moon
A4 It Must Be True (You Are Mine, All Mine)
A5 Whispering
A6 Dizzy Fingers
B1 You're My Everything
B2 Chopsticks
B3 On The Sunny Side Of The Street
B4 Brazil (Aquarela Do Brasil)
B5 La Vie En Rose
B6 To Love Again
Hoes: [invullen]. Vinyl: [invullen].
https://www.discogs.com/release/1942885",29,1.38,,https://www.discogs.com/release/1942885,3752282 UK None Vinyl LP Reissue | 14072845 UK 1976 Vinyl LP Album Reissue Stereo,Carmen Cavallaro,COPS 1262,1x Vinyl LP Album,IMG20260913162431.jpg;IMG20260913162438.jpg,,12,,,379,tracklist,Italy,False,Coral,1,herkend op tracklist: 11 van 12 tracktitels teruggevonden (via COPS1262),1942885,,1974,"Stage & Screen, Soundtrack",54,1974,Coral,Italy,The Eddy Duchin Story,"A1 To Love Again | A2 Manhattan | A3 Shine On Harvest Moon | A4 It Must Be True (You Are Mine, All Mine) | A5 Whispering | A6 Dizzy Fingers | B1 You're My Everything | B2 Chopsticks | B3 On The Sunny Side Of The Street | B4 Brazil (Aquarela Do Brasil) | B5 La Vie En Rose | B6 To Love Again",5
162456,LP,Demis Roussos,My Only Fascination,6325 094,2910327,5.0,los of lot,LP Demis Roussos - My Only Fascination - Philips,"LP, Philips 6325 094
Persing France 1974
1x Vinyl LP Album
A1 My Only Fascination
A2 White Sails
A3 Marlene
A4 Say You Love Me
A5 Smile
A6 Someday Somewhere
B1 Lovely Lady Of Arcadia
B2 Shadows
B3 Reverie
B4 We Pretend
B5 Let It Be Me (Je T'appartiens)
Hoes: [invullen]. Vinyl: [invullen].
https://www.discogs.com/release/2910327",136,0.48,,https://www.discogs.com/release/2910327,13865096 France 1974 Vinyl LP Album Stereo | 14726644 France 1974 Vinyl LP Album Stereo | 20861134 France 1974 Vinyl LP Album Stereo,Demis Roussos,6325 094,1x Vinyl LP Album,IMG20260913162456.jpg;IMG20260913162502.jpg,,11,,,220,tracklist,France,False,Philips,1,herkend op tracklist: 9 van 11 tracktitels teruggevonden (via tekstzoek: DEMIS 'my only fascination),2910327,,1974,"Pop, Folk, World, & Country, Chanson, Schlager",1377,1974,Philips,France,My Only Fascination,A1 My Only Fascination | A2 White Sails | A3 Marlene | A4 Say You Love Me | A5 Smile | A6 Someday Somewhere | B1 Lovely Lady Of Arcadia | B2 Shadows | B3 Reverie | B4 We Pretend | B5 Let It Be Me (Je T'appartiens),42
162532,LP,Demis Roussos,Mes Succès,9199 534,1557775,5.0,los of lot,LP Demis Roussos - Mes Succès - Philips,"LP, Philips 9199 534
Persing Netherlands 1977
1x Vinyl LP Album Compilation
A1 Forever And Ever
A2 Lovely Lady Of Arcadia (Schönes Mädchen Aus Arcadia)
A3 Velvet Mornings
A4 My Only Fascination
A5 Perdoname
A6 We Shall Dance
A7 My Friend The Wind
A8 Le Peintre Des Etoiles
B1 Mourir Auprès De Mon Amour (Because)
B2 From Souvenirs To Souvenirs
B3 My Reason
B4 Say You Love Me
B5 Goodbye, My Love, Goodbye
B6 Someday Somewhere
B7 So Dreamy
B8 Auf Wiedersehn
Hoes: [invullen]. Vinyl: [invullen].
https://www.discogs.com/release/1557775",4,1.16,,https://www.discogs.com/release/1557775,8458898 Turkey 1977 Vinyl LP Compilation,Demis Roussos,9199 534,1x Vinyl LP Album Compilation,IMG20260913162532.jpg;IMG20260913162537.jpg;IMG20260913162602.jpg;IMG20260913162612.jpg,,16,,,379,tracklist,Netherlands,False,Philips,1,herkend op tracklist: 16 van 16 tracktitels teruggevonden (via 9199534),1557775,,1977,"Pop, Folk, World, & Country, Europop",177,1977,Philips,Netherlands,Mes Succès,"A1 Forever And Ever | A2 Lovely Lady Of Arcadia (Schönes Mädchen Aus Arcadia) | A3 Velvet Mornings | A4 My Only Fascination | A5 Perdoname | A6 We Shall Dance | A7 My Friend The Wind | A8 Le Peintre Des Etoiles | B1 Mourir Auprès De Mon Amour (Because) | B2 From Souvenirs To Souvenirs | B3 My Reason | B4 Say You Love Me | B5 Goodbye, My Love, Goodbye | B6 Someday Somewhere | B7 So Dreamy | B8 Auf Wiedersehn",4
162647,maxi12,Lime (2),Your Love / Agent 406,2141 421,1162070,5.0,los of lot,"Maxi 12"" Lime (2) - Your Love / Agent 406 - Polydor","Maxi 12"", Polydor 2141 421
Persing Belgium 1981
1x Vinyl 12"" 45 RPM Maxi-Single Stereo
Hoes: [invullen]. Vinyl: [invullen].
https://www.discogs.com/release/1162070",23,1.16,,https://www.discogs.com/release/1162070,"2008200 France 1968 Vinyl 7"" Single | 3878408 France 1968 Vinyl 7"" Single Mono | 9118467 Netherlands 1985 Vinyl 7"" 45 RPM Single",Lime (2),2141 421,"1x Vinyl 12"" 45 RPM Maxi-Single Stereo",IMG20260913162647.jpg;IMG20260913162654.jpg,,2,,,288,hoesbeeld,Belgium,False,Polydor,1,herkend op hoesbeeld: 288 samenvallende punten met de afbeelding op Discogs (gevonden via hint catno),1162070,,1981,"Electronic, Disco",237,1981,Polydor,Belgium,Your Love / Agent 406,A Your Love (Long Version) | B Agent 406 (Long Version),87
162716,LP,George McCrae,Rock Your Baby,KPL1-0501,222189,,"zeer courant, in een lot","LP George McCrae - Rock Your Baby - RCA Victor, RCA Victor","LP, RCA Victor, RCA Victor KPL1-0501
Persing Germany 1974
1x Vinyl LP Album Stereo
A1 Rock Your Baby
A2 I Can't Leave You Alone (I Keep Holdin' On)
A3 You Got My Heart
A4 You Can Have It All
B1 Look At You
B2 Make It Right
B3 I Need Somebody Like You
B4 I Get Lifted
B5 Rock Your Baby (Reprise)
Hoes: [invullen]. Vinyl: [invullen].
https://www.discogs.com/release/222189",229,0.41,,https://www.discogs.com/release/222189,27691701 Germany 1974 Vinyl LP Album | 30921825 Germany 1974 Vinyl LP Album | 5333652 Germany None Vinyl LP Album Repress Stereo,George McCrae,KPL1-0501,1x Vinyl LP Album Stereo,IMG20260913162716.jpg;IMG20260913162722.jpg,,9,,,519,tracklist,Germany,False,RCA Victor,1,herkend op tracklist: 8 van 9 tracktitels teruggevonden (via tekstzoek: ROCK YOUR BABY RCA),222189,,1974,"Funk / Soul, Soul, Disco",4820,1974,"RCA Victor, RCA Victor",Germany,Rock Your Baby,A1 Rock Your Baby | A2 I Can't Leave You Alone (I Keep Holdin' On) | A3 You Got My Heart | A4 You Can Have It All | B1 Look At You | B2 Make It Right | B3 I Need Somebody Like You | B4 I Get Lifted | B5 Rock Your Baby (Reprise),251
162736,LP,Shirley Bassey,The Shirley Bassey Collection,5C184-93 614/15,8012748,5.0,los of lot,LP Shirley Bassey - The Shirley Bassey Collection - United A,"LP, United Artists Records 5C184-93 614/15
Persing Netherlands 1972
2x Vinyl LP Compilation Stereo Gatefold sleeve
A1 Does Anybody Miss Me?
A2 I'll Never Fall In Love Again
A3 Never Never No
A4 Picture Puzzle
A5 I Only Miss Him
A6 As I Love You
B1 This Is My Life
B2 Who Am I?
B3 Funny Girl
B4 Sunny
B5 I've Been Loved
B6 Where Is Tomorrow
C1 Think Of Me
C2 (You Are) My Way Of Life
C3 We
C4 Give Me You
C5 It's Always 4 A.M.
C6 Hold Me, Thrill Me, Kiss Me
D1 Now You Want To Be Loved
D2.a Medley: Goin' Out Of My Head
D2.b You Go To My Head
D3 Softly As I Leave You
D4 A Time For Us
D5 The Joker
D6 I Must Know
Hoes: [invullen]. Vinyl: [invullen].
https://www.discogs.com/release/8012748",10,1.15,,https://www.discogs.com/release/8012748,5501692 Netherlands 1975 Vinyl LP Compilation | 6132740 Netherlands None Vinyl LP Compilation Reissue | 33389666 Netherlands None Vinyl LP Compilation Reissue Stereo,Shirley Bassey,5C184-93 614/15,2x Vinyl LP Compilation Stereo Gatefold sleeve,IMG20260913162736.jpg;IMG20260913162742.jpg;IMG20260913162754.jpg,,25,,,137,tracklist,Netherlands,True,United Artists Records,2,herkend op tracklist: 23 van 25 tracktitels teruggevonden (via 5C184-93614),8012748,,1972,"Jazz, Pop, Ballad, Vocal, Easy Listening",132,1972,United Artists Records,Netherlands,The Shirley Bassey Collection,"A1 Does Anybody Miss Me? | A2 I'll Never Fall In Love Again | A3 Never Never No | A4 Picture Puzzle | A5 I Only Miss Him | A6 As I Love You | B1 This Is My Life | B2 Who Am I? | B3 Funny Girl | B4 Sunny | B5 I've Been Loved | B6 Where Is Tomorrow | C1 Think Of Me | C2 (You Are) My Way Of Life | C3 We | C4 Give Me You | C5 It's Always 4 A.M. | C6 Hold Me, Thrill Me, Kiss Me | D1 Now You Want To Be Loved | D2.a Medley: Goin' Out Of My Head | D2.b You Go To My Head | D3 Softly As I Leave You | D4 A Time For Us | D5 The Joker | D6 I Must Know",5
162817,LP,Julio Iglesias,24 Exitos De Oro,S 88454,916443,6.0,los of lot,LP Julio Iglesias - 24 Exitos De Oro - CBS,"LP, CBS S 88454
Persing Spain 1979
2x Vinyl LP Compilation
A1 Abrazame
A2 Rio Rebelde
A3 Por El Amor De Una Mujer
A4 A Veces Tu, A Veces Yo
A5 Quiero
A6 La Vida Sigue Igual
B1 Manuela
B2 Yo Canto
B3 Alma Llanera
B4 Recuerdos De Ypacarai
B5 A Flor De Piel
B6 El Amor
C1 Gwendolyne
C2 Sweet Caroline
C3 Un Canto A Galicia
C4 Asi Nacemos
C5 Cu-Cu-Rru-Cu-Cu Paloma
C6 Vivencias
D1 Soy Un Truhan, Soy Un Señor
D2 Corazon, Corazon
D3 A Veces Llegan Cartas
D4 Caminito
D5 Candilejas
D6 33 Años
Hoes: [invullen]. Vinyl: [invullen].
https://www.discogs.com/release/916443",17,4.65,,https://www.discogs.com/release/916443,"9225317 Venezuela None Vinyl LP Compilation Reissue | 213957 UK 1987 Vinyl 7"" 45 RPM Single | 49569 US 1998 Vinyl 12"" 33 ⅓ RPM Single",Julio Iglesias,S 88454,2x Vinyl LP Compilation,IMG20260913162817.jpg;IMG20260913162823.jpg;IMG20260913162836.jpg,,24,,,266,tracklist,Spain,False,CBS,2,herkend op tracklist: 23 van 24 tracktitels teruggevonden (via S88454),916443,,1979,"Latin, Pop, Rock, Soft Rock, Pop Rock",420,1979,CBS,Spain,24 Exitos De Oro,"A1 Abrazame | A2 Rio Rebelde | A3 Por El Amor De Una Mujer | A4 A Veces Tu, A Veces Yo | A5 Quiero | A6 La Vida Sigue Igual | B1 Manuela | B2 Yo Canto | B3 Alma Llanera | B4 Recuerdos De Ypacarai | B5 A Flor De Piel | B6 El Amor | C1 Gwendolyne | C2 Sweet Caroline | C3 Un Canto A Galicia | C4 Asi Nacemos | C5 Cu-Cu-Rru-Cu-Cu Paloma | C6 Vivencias | D1 Soy Un Truhan, Soy Un Señor | D2 Corazon, Corazon | D3 A Veces Llegan Cartas | D4 Caminito | D5 Candilejas | D6 33 Años",24
162901,LP,Tom Jones,20 Greatest Hits,TJD 1/1,12800463,8.5,los verkopen,"LP Tom Jones - 20 Greatest Hits - Decca, Decca","LP, Decca, Decca TJD 1/1
Persing Italy 1974
2x Vinyl LP Compilation Stereo
A1 It's Not Unusual
A2 Only Once
A3 I'll Never Fall In Love Again
A4 Somethin' 'Bout You Baby I Like
A5 What's New Pussycat?
B1 Till
B2 Runnin' Bear
B3 Green, Green Grass Of Home
B4 Thunderball
B5 Love Me Tonight
C1 She's A Lady
C2 Pledging My Love
C3 Funny Familiar Forgotten Feelings
C4 With These Hands
C5 Delilah
D1 I'm Coming Home
D2 To Make A Big Man Cry
D3 Help Yourself
D4 The Sun Died
D5 Daughter Of Darkness
Hoes: [invullen]. Vinyl: [invullen].
https://www.discogs.com/release/12800463",2,5.75,,https://www.discogs.com/release/12800463,931266 UK & Europe 1974 Vinyl LP Album Compilation Stereo | 5655711 UK 1974 Vinyl LP Compilation | 8839294 UK 1974 Vinyl LP Compilation,Tom Jones,TJD 1/1,2x Vinyl LP Compilation Stereo,IMG20260913162901.jpg;IMG20260913162909.jpg;IMG20260913162916.jpg,,20,,,286,tracklist,Italy,False,Decca,2,herkend op tracklist: 19 van 20 tracktitels teruggevonden (via hint artiest+titel),12800463,,1974,"Rock, Pop, Pop Rock",26,1974,"Decca, Decca",Italy,20 Greatest Hits,"A1 It's Not Unusual | A2 Only Once | A3 I'll Never Fall In Love Again | A4 Somethin' 'Bout You Baby I Like | A5 What's New Pussycat? | B1 Till | B2 Runnin' Bear | B3 Green, Green Grass Of Home | B4 Thunderball | B5 Love Me Tonight | C1 She's A Lady | C2 Pledging My Love | C3 Funny Familiar Forgotten Feelings | C4 With These Hands | C5 Delilah | D1 I'm Coming Home | D2 To Make A Big Man Cry | D3 Help Yourself | D4 The Sun Died | D5 Daughter Of Darkness",9
162933,LP,Tom Jones,A-Tom-Ic Jones,SLK 16 532-P,11782334,15.0,los verkopen,LP Tom Jones - A-Tom-Ic Jones - Decca,"LP, Decca SLK 16 532-P
Persing Germany 1966
1x Vinyl LP Album
A1 Dr. Love
A2 Face Of A Loser
A3 It's Been A Long Time Coming
A4 In A Woman's Eyes
A5 More
A6 I'll Never Let You Go
A7 The Loser
B1 To Make A Big Man Cry
B2 Key To My Heart
B3 True Love Comes Only Once In A Lifetime
B4 A Little You
B5 You're So Good To Me
B6 Where Do You Belong
B7 These Things You Don't Forget
Hoes: [invullen]. Vinyl: [invullen].
https://www.discogs.com/release/11782334",3,10.47,,https://www.discogs.com/release/11782334,3661894 Germany None Vinyl LP Album | 1431979 US 1966 Vinyl LP Stereo Album | 5426617 UK & Europe 1966 Vinyl LP Stereo Album,Tom Jones,SLK 16 532-P,1x Vinyl LP Album,IMG20260913162933.jpg;IMG20260913162940.jpg,,14,,,347,hoesbeeld,Germany,False,Decca,1,herkend op hoesbeeld: 347 samenvallende punten met de afbeelding op Discogs (breed gezocht via 'JONES DECCA'),3661894,,1966,"Rock, Lounge, Pop Rock",69,1966,Decca,Germany,A-Tom-Ic Jones,A1 Dr. Love | A2 Face Of A Loser | A3 It's Been A Long Time Coming | A4 In A Woman's Eyes | A5 More | A6 I'll Never Let You Go | A7 The Loser | B1 To Make A Big Man Cry | B2 Key To My Heart | B3 True Love Comes Only Once In A Lifetime | B4 A Little You | B5 You're So Good To Me | B6 Where Do You Belong | B7 These Things You Don't Forget,22
162956,LP,Tom Jones,Help Yourself,SLK 16 571-P,2614903,5.0,los of lot,LP Tom Jones - Help Yourself - Decca,"LP, Decca SLK 16 571-P
Persing Germany 1968
1x Vinyl LP Album Stereo Gatefold
A1 Help Yourself
A2 I Can't Break The News To Myself
A3 The Bed
A4 Isadora
A5 Set Me Free
A6 I Get Carried Away
B1 This House
B2 So Afraid
B3 If I Promise
B4 If You Go Away
B5 My Girl Maria
B6 All I Can Say Is Goodbye
Hoes: [invullen]. Vinyl: [invullen].
https://www.discogs.com/release/2614903",98,0.58,,https://www.discogs.com/release/2614903,1357130 US 1968 Vinyl LP Album | 7911269 US 1968 Vinyl LP Album | 11491842 US 1968 Vinyl LP Album,Tom Jones,SLK 16 571-P,1x Vinyl LP Album Stereo Gatefold,IMG20260913162956.jpg;IMG20260913163003.jpg,,12,,,410,tracklist,Germany,True,Decca,1,herkend op tracklist: 12 van 12 tracktitels teruggevonden (via SLK16571),2614903,,1968,"Pop, Vocal",602,1968,Decca,Germany,Help Yourself,A1 Help Yourself | A2 I Can't Break The News To Myself | A3 The Bed | A4 Isadora | A5 Set Me Free | A6 I Get Carried Away | B1 This House | B2 So Afraid | B3 If I Promise | B4 If You Go Away | B5 My Girl Maria | B6 All I Can Say Is Goodbye,20
163018,LP,Tom Jones,Tom Jones Sings She's A Lady,SLK 16 714-P,3720615,5.0,los of lot,"LP Tom Jones - Tom Jones Sings She's A Lady - Decca, Decca","LP, Decca, Decca SLK 16 714-P
Persing Germany 1971
1x Vinyl LP Album Stereo
A1 She's A Lady
A2 Do What You Gotta Do
A3 In Dreams
A4 Nothing Rhymed
A5 Til I Can't Take It Any More
A6 Resurrection Shuffle
B1 Puppet Man
B2 It's Up To The Woman
B3 Ebb Tide (The Sea)
B4 (I Ain't No) One Night Love Maker
B5 You're My World (Il Mio Mondo
Hoes: [invullen]. Vinyl: [invullen].
https://www.discogs.com/release/3720615",37,2.94,,https://www.discogs.com/release/3720615,30015676 Germany 1971 Vinyl LP Album | 37241205 Germany 1971 Vinyl LP Album Promo | 28257532 German Democratic Republic (GDR) None Vinyl LP Album Test Pressing Stereo,Tom Jones,SLK 16 714-P,1x Vinyl LP Album Stereo,IMG20260913163018.jpg;IMG20260913163032.jpg;IMG20260913163038.jpg,,11,,,135,tracklist,Germany,False,Decca,1,herkend op tracklist: 10 van 11 tracktitels teruggevonden (via SLK16714),3720615,,1971,"Rock, Pop, Pop Rock, Vocal",370,1971,"Decca, Decca",Germany,Tom Jones Sings She's A Lady,A1 She's A Lady | A2 Do What You Gotta Do | A3 In Dreams | A4 Nothing Rhymed | A5 Til I Can't Take It Any More | A6 Resurrection Shuffle | B1 Puppet Man | B2 It's Up To The Woman | B3 Ebb Tide (The Sea) | B4 (I Ain't No) One Night Love Maker | B5 You're My World (Il Mio Mondo,30
163057,LP,Tom Jones,"Green, Green Grass Of Home",SLK 16 464-P,403740,5.0,los of lot,"LP Tom Jones - Green, Green Grass Of Home - Decca","LP, Decca SLK 16 464-P
Persing Germany 1967
1x Vinyl LP Album Reissue Stereo
A1 Riders In The Sky
A2 He'll Have To Go
A3 Funny Familiar Forgotten Feelings
A4 Sixteen Tons
A5 Two Brothers
A6 My Mother's Eyes
A7 Green, Green Grass Of Home
B1 Ring Of Fire
B2 A Field Of Yellow Daisies
B3 (I Wish I Could) Say No To You
B4 All I Get From You Are Heartaches
B5 Mohair Sam
B6 Cool Water
B7 Detroit City
Hoes: [invullen]. Vinyl: [invullen].
https://www.discogs.com/release/403740",65,2.31,,https://www.discogs.com/release/403740,7568738 Germany 1967 Vinyl LP Album Stereo | 13380235 Germany 1967 Vinyl LP Album Stereo | 16077553 Germany None Vinyl LP Album Reissue Stereo,Tom Jones,SLK 16 464-P,1x Vinyl LP Album Reissue Stereo,IMG20260913163057.jpg;IMG20260913163108.jpg,,14,,,281,tracklist,Germany,False,Decca,1,herkend op tracklist: 13 van 14 tracktitels teruggevonden (via SLK16464),403740,,1967,"Rock, Pop, Pop Rock, Country Rock",689,1967,Decca,Germany,"Green, Green Grass Of Home","A1 Riders In The Sky | A2 He'll Have To Go | A3 Funny Familiar Forgotten Feelings | A4 Sixteen Tons | A5 Two Brothers | A6 My Mother's Eyes | A7 Green, Green Grass Of Home | B1 Ring Of Fire | B2 A Field Of Yellow Daisies | B3 (I Wish I Could) Say No To You | B4 All I Get From You Are Heartaches | B5 Mohair Sam | B6 Cool Water | B7 Detroit City",27
163124,LP,Tino Rossi,La Vie Commence A 60 Ans.,2C 068 - 15.647,2725343,5.0,los of lot,"LP Tino Rossi - La Vie Commence A 60 Ans. - Columbia, Columb","LP, Columbia, Columbia 2C 068 - 15.647
Persing France 1980
1x Vinyl LP Stereo
A1 La Vie Commence À 60 Ans
A2 La Femme De Ma Vie
A3 Addio Julietta
A4 Tant Qu'Il Y Aura Une Chanson D'amour
A5 Mexicali Rose
A6 C'est Mieux Comme Ça
A7 Forza Bastia, Forza Corsica
B1 Chantons La Même Chanson
B2 Varsovie (The Last Waltz)
B3 Amor, Amor
B4 Whispering
B5 Donnez-Moi Des Roses
B6 Chantons L'amour
B7 Ma Dernière Chanson Sera Comme La Première
Hoes: [invullen]. Vinyl: [invullen].
https://www.discogs.com/release/2725343",16,1.38,,https://www.discogs.com/release/2725343,"7033937 France 1979 Vinyl LP | 15702811 France 1980 Vinyl LP Reissue Stereo | 679211 France 1978 Vinyl 7"" 45 RPM Stereo",Tino Rossi,2C 068 - 15.647,1x Vinyl LP Stereo,IMG20260913163124.jpg;IMG20260913163130.jpg,,14,,,427,tracklist,France,False,Columbia,1,herkend op tracklist: 14 van 14 tracktitels teruggevonden (via hint artiest+titel),2725343,,1980,"Pop, Chanson",117,1980,"Columbia, Columbia",France,La Vie Commence A 60 Ans.,"A1 La Vie Commence À 60 Ans | A2 La Femme De Ma Vie | A3 Addio Julietta | A4 Tant Qu'Il Y Aura Une Chanson D'amour | A5 Mexicali Rose | A6 C'est Mieux Comme Ça | A7 Forza Bastia, Forza Corsica | B1 Chantons La Même Chanson | B2 Varsovie (The Last Waltz) | B3 Amor, Amor | B4 Whispering | B5 Donnez-Moi Des Roses | B6 Chantons L'amour | B7 Ma Dernière Chanson Sera Comme La Première",0
163146,LP,Corry Konings,Net Als Vroeger,814 525-1,732419,5.0,los of lot,LP Corry Konings - Net Als Vroeger - Philips,"LP, Philips 814 525-1
Persing Netherlands 1983
1x Vinyl LP Album
A1 Waarom Mocht Dit Niet Lang Duren
A2 Die Ene Melodie
A3 Want In M'n Hart...
A4 Net Als Vroeger
A5 Je Bent Voor Mij De Man
A6 Liefdesverdriet
B1 'n Winter Alleen
B2 Verdwijn Uit M'n Leven
B3 Bij Je Zijn
B4 Zonder Liefde, Zonder Toekomst, Zonder Hoop
B5 Wat Je Nu Doet, Deed Je Vroeger Voor Mij
B6 Maar Straks Is Het Over
Hoes: [invullen]. Vinyl: [invullen].
https://www.discogs.com/release/732419",17,1.15,,https://www.discogs.com/release/732419,35429875 Argentina 2025 Vinyl LP Album | 37133412 Argentina 2026 Vinyl LP Album | 35847364 Argentina 2025 Vinyl LP Stereo,Corry Konings,814 525-1,1x Vinyl LP Album,IMG20260913163146.jpg;IMG20260913163153.jpg,,12,,,422,tracklist,Netherlands,False,Philips,1,herkend op tracklist: 11 van 12 tracktitels teruggevonden (via 814525),732419,,1983,Pop,72,1983,Philips,Netherlands,Net Als Vroeger,"A1 Waarom Mocht Dit Niet Lang Duren | A2 Die Ene Melodie | A3 Want In M'n Hart... | A4 Net Als Vroeger | A5 Je Bent Voor Mij De Man | A6 Liefdesverdriet | B1 'n Winter Alleen | B2 Verdwijn Uit M'n Leven | B3 Bij Je Zijn | B4 Zonder Liefde, Zonder Toekomst, Zonder Hoop | B5 Wat Je Nu Doet, Deed Je Vroeger Voor Mij | B6 Maar Straks Is Het Over",3
163229,LP,Gene Pitney,Emotions,KTLP 230-1,3788224,5.0,los of lot,LP Gene Pitney - Emotions - K-Tel (Holland) B.V.,"LP, K-Tel (Holland) B.V. KTLP 230-1
Persing Netherlands 1986
2x Vinyl LP Compilation Gatefold
A1 24 Hours From Tulsa
A2 I'm Gonna Be Strong
A3 Only Love Can Break A Heart
A4 Just One Smile
A5 That Girl Belongs To Yesterday
A6 True Love Never Runs Smooth
A7 The Man Who Shot Liberty Valence
A8 It Hurts To Be In Love
B1 Mecca
B2 Half Heaven, Half Heartache
B3 Something's Gotten Hold Of My Heart
B4 Hello Mary Lou
B5 Nessuni Mi Puo Guidicare
B6 I Must Be Seeing Things
B7 I've Got Five Dollars And It's Saturday Night
B8 You've Lost That Lovin' Feeling
C1 Backstage (I'm Lonely)
C2 Nobody Needs To Love You More Than I Do
C3 Looking Through The Eyes Of Love
C4 Lips Were Redder On You
C5 If I Didn't Have A Dime
C6 Amor Amio
C7 Unchained Melody
C8 Baby Ain't That Fine
D1 Somewhere In The Country
D2 I'm Sorry
Hoes: [invullen]. Vinyl: [invullen].
https://www.discogs.com/release/3788224",44,1.38,,https://www.discogs.com/release/3788224,5997316 Netherlands None Vinyl LP Compilation Reissue Mono | 2932917 US 1985 Vinyl LP Compilation | 3892681 Portugal 1987 Vinyl LP Compilation,Gene Pitney,KTLP 230-1,2x Vinyl LP Compilation Gatefold,IMG20260913163229.jpg;IMG20260913163234.jpg;IMG20260913163245.jpg,,32,,,597,tracklist,Netherlands,True,K-Tel (Holland) B.V.,2,herkend op tracklist: 29 van 32 tracktitels teruggevonden (via KTLP230-1),3788224,,1986,Pop,144,1986,K-Tel (Holland) B.V.,Netherlands,Emotions,"A1 24 Hours From Tulsa | A2 I'm Gonna Be Strong | A3 Only Love Can Break A Heart | A4 Just One Smile | A5 That Girl Belongs To Yesterday | A6 True Love Never Runs Smooth | A7 The Man Who Shot Liberty Valence | A8 It Hurts To Be In Love | B1 Mecca | B2 Half Heaven, Half Heartache | B3 Something's Gotten Hold Of My Heart | B4 Hello Mary Lou | B5 Nessuni Mi Puo Guidicare | B6 I Must Be Seeing Things | B7 I've Got Five Dollars And It's Saturday Night | B8 You've Lost That Lovin' Feeling | C1 Backstage (I'm Lonely) | C2 Nobody Needs To Love You More Than I Do | C3 Looking Through The Eyes Of Love | C4 Lips Were Redder On You | C5 If I Didn't Have A Dime | C6 Amor Amio | C7 Unchained Melody | C8 Baby Ain't That Fine | D1 Somewhere In The Country | D2 I'm Sorry",8
163331,single7,"Joaquín Rodrigo, Orquesta Nacional De España, Ataúlfo Argenta, Rafael Frühbeck De Burgos, Narciso Yepes",Concierto De Aranjuez - Fantasia Para Un Gentilhombre,SDD 220,5407756,4.5,los of lot,"Single 7"" Joaquín Rodrigo, Orquesta Nacional De España, Ataú","Single 7"", Ace Of Diamonds SDD 220
Persing France 1954
1x Vinyl LP Reissue Stereo
Hoes: [invullen]. Vinyl: [invullen].
https://www.discogs.com/release/5407756",9,3.53,,https://www.discogs.com/release/5407756,19006570 France 1972 Vinyl LP Reissue Stereo | 28131664 France 1971 Vinyl LP Reissue Stereo | 5330183 Canada 1973 Vinyl LP,"Joaquín Rodrigo, Orquesta Nacional De España, Ataúlfo Argenta, Rafael Frühbeck De Burgos, Narciso Yepes",SDD 220,1x Vinyl LP Reissue Stereo,IMG20260913163331.jpg;IMG20260913163337.jpg,,2,,,589,tracklist,France,False,Ace Of Diamonds,1,herkend op tracklist: 1 van 2 tracktitels teruggevonden (via SDD 220),5407756,,1954,"Classical, Romantic",82,0,Ace Of Diamonds,France,Concierto De Aranjuez - Fantasia Para Un Gentilhombre,Concierto De Aranjuez Pour Guitare Et Orchestre | Fantasia Para Un Gentilhombre,7
163353,LP,Tom Jones,From The Heart,LK 4814,1253473,5.0,los of lot,"LP Tom Jones - From The Heart - Decca, Decca","LP, Decca, Decca LK 4814
Persing UK 1966
1x Vinyl LP Album Mono
A1 Begin The Beguine
A2 You Came A Long Way From St. Louis
A3 My Foolish Heart
A4 It's Magic
A5 Someday
A6 Georgia On My Mind
A7 Kansas City
B1 Hello Young Lovers
B2 A Taste Of Honey
B3 The Nearness Of You
B4 When I Fall In Love
B5 If Ever I Would Leave You
B6 My Prayer
B7 That Old Black Magic
Hoes: [invullen]. Vinyl: [invullen].
https://www.discogs.com/release/1253473",54,0.86,,https://www.discogs.com/release/1253473,9564682 UK 1966 Vinyl LP Album Mono | 10078312 UK 1966 Vinyl LP Album Mono | 15017958 UK 1966 Vinyl LP Album Mono,Tom Jones,LK 4814,1x Vinyl LP Album Mono,IMG20260913163353.jpg;IMG20260913163359.jpg,,14,,,336,tracklist,UK,False,Decca,1,herkend op tracklist: 14 van 14 tracktitels teruggevonden (via LK 4814),1253473,,1966,"Pop, Vocal",343,1966,"Decca, Decca",UK,From The Heart,A1 Begin The Beguine | A2 You Came A Long Way From St. Louis | A3 My Foolish Heart | A4 It's Magic | A5 Someday | A6 Georgia On My Mind | A7 Kansas City | B1 Hello Young Lovers | B2 A Taste Of Honey | B3 The Nearness Of You | B4 When I Fall In Love | B5 If Ever I Would Leave You | B6 My Prayer | B7 That Old Black Magic,28
163409,LP,Pablito Y Sus Trovadores Paraguayos,Pablito Y Sus Trovadores Paraguayos,LP 4099,7932006,5.0,los of lot,LP Pablito Y Sus Trovadores Paraguayos - Pablito Y Sus Trova,"LP, Palobal LP 4099
Persing Spain
1x Vinyl LP Album
A1 Costa Brava
A2 Todo Pasará
A3 La Chevecha
A4 Guantanamera
A5 Maria Isabel
A6 Bajo El Cielo Dal Paraguay
A7 Mi Cafetal
B1 Ave Maria Nu Morro
B2 Galopera
B3 Malaguena Salerosa
B4 De Domingo A Domingo
B5 Cucurrucu Paloma
B6 El Soldado De Levita
B7 Colorado
Hoes: [invullen]. Vinyl: [invullen].
https://www.discogs.com/release/7932006",11,1.72,,https://www.discogs.com/release/7932006,37075995 Europe 2026 Vinyl LP Album Record Store Day Limited Edition Stereo | 32372793 Worldwide 2024 Vinyl LP Album Reissue Remastered | 666960 Australia 1980 Vinyl LP Album,Pablito Y Sus Trovadores Paraguayos,LP 4099,1x Vinyl LP Album,IMG20260913163409.jpg;IMG20260913163413.jpg,,14,,,276,tracklist,Spain,False,Palobal,1,herkend op tracklist: 14 van 14 tracktitels teruggevonden (via tekstzoek: maria pablito),7932006,,,"Folk, World, & Country",17,0,Palobal,Spain,Pablito Y Sus Trovadores Paraguayos,A1 Costa Brava | A2 Todo Pasará | A3 La Chevecha | A4 Guantanamera | A5 Maria Isabel | A6 Bajo El Cielo Dal Paraguay | A7 Mi Cafetal | B1 Ave Maria Nu Morro | B2 Galopera | B3 Malaguena Salerosa | B4 De Domingo A Domingo | B5 Cucurrucu Paloma | B6 El Soldado De Levita | B7 Colorado,1
163424,LP,Mario Lanza,The Student Prince,LSC-2339,5475331,5.0,los of lot,"LP Mario Lanza - The Student Prince - RCA Victor Red Seal, R","LP, RCA Victor Red Seal, RCA Victor Red Seal LSC-2339
Persing US 1960
1x Vinyl LP Album Stereo Rockaway, Shaded Dog
A1 Overture
A2 Serenade
A3 Golden Days
A4 Drink, Drink, Drink
A5 Summertime In Heidelberg
B1 I'll Walk With God
B2 Thoughts Will Come Back To Me
B3 Student Life
B4 Just We Two
B5 Beloved
B6 Gaudeamus Igitur
B7 Deep In My Heart, Dear
Hoes: [invullen]. Vinyl: [invullen].
https://www.discogs.com/release/5475331",50,0.85,,https://www.discogs.com/release/5475331,1964478 US 1960 Vinyl LP Stereo | 9557206 US 1960 Vinyl LP Album Stereo | 13574901 US 1960 Vinyl LP Album Stereo,Mario Lanza,LSC-2339,"1x Vinyl LP Album Stereo Rockaway, Shaded Dog",IMG20260913163424.jpg;IMG20260913163429.jpg,,12,,,215,tracklist,US,False,RCA Victor Red Seal,1,herkend op tracklist: 12 van 12 tracktitels teruggevonden (via LSC 2339),5475331,,1960,"Classical, Stage & Screen, Opera, Score",645,1960,"RCA Victor Red Seal, RCA Victor Red Seal",US,The Student Prince,"A1 Overture | A2 Serenade | A3 Golden Days | A4 Drink, Drink, Drink | A5 Summertime In Heidelberg | B1 I'll Walk With God | B2 Thoughts Will Come Back To Me | B3 Student Life | B4 Just We Two | B5 Beloved | B6 Gaudeamus Igitur | B7 Deep In My Heart, Dear",10
163442,LP,Julio Iglesias,Hey!,CBS 84304,934332,5.0,los of lot,"LP Julio Iglesias - Hey! - CBS, CBS","LP, CBS, CBS CBS 84304
Persing Europe 1980
1x Vinyl LP Album Gatefold
A1 Por Ella
A2 Amantes
A3 Morriñas
A4 Viejas Tradiciones
A5 Ron Y Coca Cola
B1 Hey
B2 Un Sentimental
B3 La Paloma Blanca
B4 La Nave Del Olvido
B5 Pajaro Chogüi
Hoes: [invullen]. Vinyl: [invullen].
https://www.discogs.com/release/934332",97,1.09,,https://www.discogs.com/release/934332,8465195 Europe 1980 Vinyl LP Album | 5061656 Europe 1980 Vinyl LP Album Stereo | 5125798 Europe 1980 Vinyl LP Album Promo,Julio Iglesias,CBS 84304,1x Vinyl LP Album Gatefold,IMG20260913163442.jpg;IMG20260913163448.jpg,,10,,,391,hoesbeeld,Europe,True,CBS,1,herkend op hoesbeeld: 391 samenvallende punten met de afbeelding op Discogs (gevonden via tekstzoek: iglesias estudios),934332,,1980,"Latin, Pop, Vocal, Ballad",1358,1980,"CBS, CBS",Europe,Hey!,A1 Por Ella | A2 Amantes | A3 Morriñas | A4 Viejas Tradiciones | A5 Ron Y Coca Cola | B1 Hey | B2 Un Sentimental | B3 La Paloma Blanca | B4 La Nave Del Olvido | B5 Pajaro Chogüi,39
163554,LP,Gerard Joling,Love Is In Your Eyes,240 749-1,7133335,5.0,los of lot,"LP Gerard Joling - Love Is In Your Eyes - WEA, YaYa Records ","LP, WEA, YaYa Records (2) 240 749-1
Persing Netherlands 1985
1x Vinyl LP Album Stereo
A1 Love Is In Your Eyes
A2 I Can Only Give You Everything
A3 No Strings Attached
A4 What Can I Do
A5 Heartbeat
B1 Ticket To The Tropics
B2 Love Don't Pay
B3 We Don't Have To Say The Words
B4 Hearts On Fire
B5 Crying
Hoes: [invullen]. Vinyl: [invullen].
https://www.discogs.com/release/7133335",43,1.15,,https://www.discogs.com/release/7133335,1116443 Europe 1985 Vinyl LP Album | 5845725 Taiwan 1985 Vinyl LP Album | 35405818 Philippines 1985 Vinyl LP Album Stereo,Gerard Joling,240 749-1,1x Vinyl LP Album Stereo,IMG20260913163554.jpg;IMG20260913163606.jpg;IMG20260913163611.jpg,,10,,,178,tracklist,Netherlands,False,WEA,1,herkend op tracklist: 10 van 10 tracktitels teruggevonden (via 240749),7133335,,1985,"Pop, Europop, Ballad",1254,1985,"WEA, YaYa Records (2)",Netherlands,Love Is In Your Eyes,A1 Love Is In Your Eyes | A2 I Can Only Give You Everything | A3 No Strings Attached | A4 What Can I Do | A5 Heartbeat | B1 Ticket To The Tropics | B2 Love Don't Pay | B3 We Don't Have To Say The Words | B4 Hearts On Fire | B5 Crying,24
163622,LP,Barry White,Barry White's Greatest Hits,6463 154,903950,6.5,los of lot,LP Barry White - Barry White's Greatest Hits - Casablanca,"LP, Casablanca 6463 154
Persing Netherlands 1984
1x Vinyl LP Compilation Stereo Gatefold
A1 What Am I Gonna Do With You?
A2 You're The First, The Last, My Everything
A3 Can't Get Enough Of Your Love, Babe
A4 Honey Please, Can't Ya See
A5 Love Serenade
B1 Never, Never Gonna Give Ya Up
B2 I'm Gonna Love You Just A Little More Baby
B3 I've Found Someone
B4 I've Got So Much To Give
B5 Standing In The Shadows Of Love
Hoes: [invullen]. Vinyl: [invullen].
https://www.discogs.com/release/903950",5,4.65,,https://www.discogs.com/release/903950,24603236 Netherlands None Vinyl LP Compilation Stereo | 3969017 New Zealand 1984 Vinyl LP Compilation | 6104253 Italy None Vinyl LP Compilation Reissue,Barry White,6463 154,1x Vinyl LP Compilation Stereo Gatefold,IMG20260913163622.jpg;IMG20260913163626.jpg;IMG20260913163634.jpg,,10,,,375,tracklist,Netherlands,True,Casablanca,1,herkend op tracklist: 10 van 10 tracktitels teruggevonden (via 6463 154),903950,,1984,"Funk / Soul, Soul, Disco",449,1984,Casablanca,Netherlands,Barry White's Greatest Hits,"A1 What Am I Gonna Do With You? | A2 You're The First, The Last, My Everything | A3 Can't Get Enough Of Your Love, Babe | A4 Honey Please, Can't Ya See | A5 Love Serenade | B1 Never, Never Gonna Give Ya Up | B2 I'm Gonna Love You Just A Little More Baby | B3 I've Found Someone | B4 I've Got So Much To Give | B5 Standing In The Shadows Of Love",90
163646,LP,Ringo Starr,Ringo's Rotogravure,2310 473,8411037,5.0,los of lot,LP Ringo Starr - Ringo's Rotogravure - Polydor,"LP, Polydor 2310 473
Persing Germany 1976
1x Vinyl LP Album Gatefold
A1 A Dose Of Rock 'N' Roll
A2 Hey Baby
A3 Pure Gold
A4 Cryin'
A5 You Don't Know Me At All
B1 Cookin
B2 I'll Still Love You
B3 This Be Called A Song
B4 Las Brisas
B5 Lady Gaye
Hoes: [invullen]. Vinyl: [invullen].
https://www.discogs.com/release/8411037",89,3.48,,https://www.discogs.com/release/8411037,33826830 Germany 1976 Vinyl LP Album Stereo | 1110171 Germany None Vinyl LP Album Reissue | 36777763 Germany None Vinyl LP Album,Ringo Starr,2310 473,1x Vinyl LP Album Gatefold,IMG20260913163646.jpg;IMG20260913163651.jpg;IMG20260913163702.jpg,,10,,,472,tracklist,Germany,True,Polydor,1,herkend op tracklist: 9 van 10 tracktitels teruggevonden (via tekstzoek: RINGO'S),8411037,,1976,"Rock, Pop, Pop Rock",1187,1976,Polydor,Germany,Ringo's Rotogravure,A1 A Dose Of Rock 'N' Roll | A2 Hey Baby | A3 Pure Gold | A4 Cryin' | A5 You Don't Know Me At All | B1 Cookin | B2 I'll Still Love You | B3 This Be Called A Song | B4 Las Brisas | B5 Lady Gaye,42
163713,LP,Frank Sinatra,All The Way,1A 038-26 0179 1,7756034,13.5,los verkopen,"LP Frank Sinatra - All The Way - Capitol Records, Capitol Re","LP, Capitol Records, Capitol Records 1A 038-26 0179 1
Persing Netherlands 1984
1x Vinyl LP Compilation Reissue Mono
A1 All The Way
A2 High Hopes
A3 Talk To Me
A4 French Foreign Legion
A5 To Love And Be Loved
A6 River, Stay 'Way From My Door
B1 Witchcraft
B2 It's Over, It's Over, It's Over
B3 Ol' Mac Donald
B4 This Was My Love
B5 All My Tomorrows
B6 Sleep Warm
Hoes: [invullen]. Vinyl: [invullen].
https://www.discogs.com/release/7756034",6,9.29,,https://www.discogs.com/release/7756034,4385393 UK 1984 Vinyl LP Compilation Reissue Remastered Stereo | 13201369 UK 1984 Vinyl LP Single Sided Compilation Reissue Remastered Test Pressing White Label Stereo,Frank Sinatra,1A 038-26 0179 1,1x Vinyl LP Compilation Reissue Mono,IMG20260913163713.jpg;IMG20260913163718.jpg,,12,,5099926017914,289,tracklist,Netherlands,False,Capitol Records,1,herkend op tracklist: 11 van 12 tracktitels teruggevonden (via 2601791),7756034,,1984,"Jazz, Pop, Vocal",82,1984,"Capitol Records, Capitol Records",Netherlands,All The Way,"A1 All The Way | A2 High Hopes | A3 Talk To Me | A4 French Foreign Legion | A5 To Love And Be Loved | A6 River, Stay 'Way From My Door | B1 Witchcraft | B2 It's Over, It's Over, It's Over | B3 Ol' Mac Donald | B4 This Was My Love | B5 All My Tomorrows | B6 Sleep Warm",25
163734,LP,Gene Pitney,His 20 Greatest,ADE P22,705868,5.0,los of lot,"LP Gene Pitney - His 20 Greatest - Arcade Records (3), Arcad","LP, Arcade Records (3), Arcade Records (3) ADE P22
Persing UK 1976
1x Vinyl LP Compilation Remastered Stereo Orlake Records Pressing
A1 24 Hours From Tulsa
A2 That Girl Belongs To Yesterday
A3 I Must Be Seeing Things
A4 Looking Through The Eyes Of Love
A5 Princess In Rags
A6 24 Sycamore Street
A7 Just One Smile
A8 Somewhere In The Country
A9 The Man Who Shot Liberty Valance
A10 I'm Gonna Be Strong
B1 Backstage (I'm Lonely)
B2 Something's Gotten Hold Of My Heart
B3 True Love Never Runs Smooth
B4 Not Responsible
B5 Only Love Can Break A Heart
B6 Nobody Needs Your Love
B7 I Wanna Love My Life Away
B8 Yesterday's Hero
B9 Teardrop By Teardrop
B10 Town Without Pity
Hoes: [invullen]. Vinyl: [invullen].
https://www.discogs.com/release/705868",103,0.53,,https://www.discogs.com/release/705868,10544023 UK None Vinyl LP Compilation | 10544066 UK None Vinyl LP Compilation Remastered Stereo,Gene Pitney,ADE P22,1x Vinyl LP Compilation Remastered Stereo Orlake Records Pressing,IMG20260913163734.jpg;IMG20260913163739.jpg,,20,,,169,tracklist,UK,False,Arcade Records (3),1,herkend op tracklist: 20 van 20 tracktitels teruggevonden (via tekstzoek: HIS20GRE BACKSTAGE IM LONELY),705868,,1976,"Rock, Pop, Rock & Roll, Vocal",588,1976,"Arcade Records (3), Arcade Records (3)",UK,His 20 Greatest,A1 24 Hours From Tulsa | A2 That Girl Belongs To Yesterday | A3 I Must Be Seeing Things | A4 Looking Through The Eyes Of Love | A5 Princess In Rags | A6 24 Sycamore Street | A7 Just One Smile | A8 Somewhere In The Country | A9 The Man Who Shot Liberty Valance | A10 I'm Gonna Be Strong | B1 Backstage (I'm Lonely) | B2 Something's Gotten Hold Of My Heart | B3 True Love Never Runs Smooth | B4 Not Responsible | B5 Only Love Can Break A Heart | B6 Nobody Needs Your Love | B7 I Wanna Love My Life Away | B8 Yesterday's Hero | B9 Teardrop By Teardrop | B10 Town Without Pity,7
163756,LP,Engelbert Humperdinck,Träumen Mit Engelbert,207 865,691764,5.0,los of lot,"LP Engelbert Humperdinck - Träumen Mit Engelbert - Ariola, A","LP, Ariola, Ariola 207 865
Persing Europe 1986
1x Vinyl LP Album Stereo
A1 Please Release Me (Let Me Go)
A2 Torero (She Brings Him Spanish Roses)
A3 The Power Of Love
A4 The Last Waltz
A5 The Spanish Night Is Over
A6 There Goes My Everything
A7 Portofino
A8 After The Lovin'
B1 What Are You Waiting For
B2 Follow My Heartbeat
B3 Dream Of Me
B4 Goodbye Maria
B5 My Heart
B6 Love Life
B7 Then You Walked Into My Life
Hoes: [invullen]. Vinyl: [invullen].
https://www.discogs.com/release/691764",134,0.53,,https://www.discogs.com/release/691764,23016293 Europe 1986 Vinyl LP Album Stereo | 32463831 Europe 2024 Vinyl LP Album Record Store Day Reissue Stereo | 16100233 Israel 1986 Vinyl LP Album,Engelbert Humperdinck,207 865,1x Vinyl LP Album Stereo,IMG20260913163756.jpg;IMG20260913163812.jpg,,15,,,320,tracklist,Europe,False,Ariola,1,herkend op tracklist: 15 van 15 tracktitels teruggevonden (via tekstzoek: Engelbert Traumen),691764,,1986,"Pop, Ballad, Schlager",518,1986,"Ariola, Ariola",Europe,Träumen Mit Engelbert,A1 Please Release Me (Let Me Go) | A2 Torero (She Brings Him Spanish Roses) | A3 The Power Of Love | A4 The Last Waltz | A5 The Spanish Night Is Over | A6 There Goes My Everything | A7 Portofino | A8 After The Lovin' | B1 What Are You Waiting For | B2 Follow My Heartbeat | B3 Dream Of Me | B4 Goodbye Maria | B5 My Heart | B6 Love Life | B7 Then You Walked Into My Life,16
163846,LP,Change,Change Of Heart,240 439-1,158404,6.0,los of lot,"LP Change - Change Of Heart - WEA, WEA","LP, WEA, WEA 240 439-1
Persing UK & Europe 1984
1x Vinyl LP Album
A1 Say You Love Me Again
A2 Change Of Heart
A3 Warm
A4 True Love
B1 You Are My Melody
B2 Lovely Lady
B3 Got My Eyes On You
B4 It Burns Me Up
Hoes: [invullen]. Vinyl: [invullen].
https://www.discogs.com/release/158404",40,4.07,,https://www.discogs.com/release/158404,14242123 UK & Europe 1984 Vinyl LP Album | 8405980 UK & Europe 1984 Vinyl LP Album | 26625800 UK & Europe 1984 Vinyl LP Album,Change,240 439-1,1x Vinyl LP Album,IMG20260913163846.jpg;IMG20260913163851.jpg,,8,,,181,hoesbeeld,UK & Europe,False,WEA,1,herkend op hoesbeeld: 181 samenvallende punten met de afbeelding op Discogs (gevonden via tekstzoek: CHANGE HEART),158404,,1984,"Electronic, Funk / Soul, Disco, Boogie, Soul",1276,1984,"WEA, WEA",UK & Europe,Change Of Heart,A1 Say You Love Me Again | A2 Change Of Heart | A3 Warm | A4 True Love | B1 You Are My Melody | B2 Lovely Lady | B3 Got My Eyes On You | B4 It Burns Me Up,339
163906,LP,"Will Ferdy, Trio Paul Dumont",In Levende Lijve,0125-140,11995442,14.5,los verkopen,"LP Will Ferdy, Trio Paul Dumont - In Levende Lijve - Distrid","LP, Distridisc 0125-140
Persing Belgium
1x Vinyl LP Album Stereo
A1 Rotatiepersen (Rotatives)
A2 De Violist En De Panter
A3 Lied Van De Oude Geliefden (La Chanson Des Vieux Amants)
A4 De Clown (Le Clown)
A5 De Laatste Zeven Dagen (The Last Seven Days)
B1 De Waarheid (La Vérité)
B2 Een Kind (Un Enfant)
B3 De Schilder, De Aap En Het Schilderij
B4 De Stervende (Le Moribond)
B5 Belijdenis
Hoes: [invullen]. Vinyl: [invullen].
https://www.discogs.com/release/11995442",2,11.57,,https://www.discogs.com/release/11995442,"15640977 Belgium 1970 Vinyl LP Album Stereo | 8796140 Belgium 1976 Vinyl LP Album | 74723 Germany 2001 Vinyl 12"" 33 ⅓ RPM","Will Ferdy, Trio Paul Dumont",0125-140,1x Vinyl LP Album Stereo,IMG20260913163906.jpg;IMG20260913163911.jpg,,10,,,371,tracklist,Belgium,False,Distridisc,1,herkend op tracklist: 10 van 10 tracktitels teruggevonden (via tekstzoek: rotatiepersen (rotatives)),11995442,,,Pop,11,0,Distridisc,Belgium,In Levende Lijve,"A1 Rotatiepersen (Rotatives) | A2 De Violist En De Panter | A3 Lied Van De Oude Geliefden (La Chanson Des Vieux Amants) | A4 De Clown (Le Clown) | A5 De Laatste Zeven Dagen (The Last Seven Days) | B1 De Waarheid (La Vérité) | B2 Een Kind (Un Enfant) | B3 De Schilder, De Aap En Het Schilderij | B4 De Stervende (Le Moribond) | B5 Belijdenis",0
163930,LP,Various,Ciao Italia,303.347,1858663,5.0,los of lot,"LP Various - Ciao Italia - EVA, EVA Columbia","LP, EVA, EVA Columbia 303.347
Persing Europe 1988
2x Vinyl LP Compilation Gatefold
A1 Ma Che Bello Questo Amore
A2 Gente Di Mare
A3 E La Verita (Se Non Avessi Te)
A4 M'Inn Amoro Di Te
A5 Tu Cosa Fai Stasera
A6 Medley : Balla...Balla
A7 Piccola E Fragile
B1 Sincerita
B2 Per Lucia
B3 Chiamalo Amore
B4 Sharazan
B5 Emozioni
B6 Hispavox
B7 Si Puo Dare Di Più
C1 Ti Sento
C2 Boys (Summertime Love)
C3 I Treni Di Tozeur
C4 Farfallina
C5 La Valle Del Eden
C6 La Stagione Del L'Amore
C7 Canto A Lloret
D1 I Maschi
D2 Pazza Idea
D3 De Nuevo Tu
D4 Zitto Zitto
D5 Le Notti Di Maggio
Hoes: [invullen]. Vinyl: [invullen].
https://www.discogs.com/release/1858663",10,2.76,,https://www.discogs.com/release/1858663,35337709 US 2025 Vinyl LP Album Limited Edition Reissue Stereo | 30150068 Italy None Vinyl LP Album | 32813868 Germany 1983 Vinyl LP Compilation Club Edition Stereo,Various,303.347,2x Vinyl LP Compilation Gatefold,IMG20260913163930.jpg;IMG20260913163937.jpg;IMG20260913163945.jpg,,28,,,77,hoesbeeld,Europe,True,EVA,2,herkend op hoesbeeld: 77 samenvallende punten met de afbeelding op Discogs (gevonden via tekstzoek: cutugno ciao),1858663,,1988,"Rock, Pop, Chanson, Pop Rock, Ballad",273,1988,"EVA, EVA Columbia",Europe,Ciao Italia,A1 Ma Che Bello Questo Amore | A2 Gente Di Mare | A3 E La Verita (Se Non Avessi Te) | A4 M'Inn Amoro Di Te | A5 Tu Cosa Fai Stasera | A6 Medley : Balla...Balla | A7 Piccola E Fragile | B1 Sincerita | B2 Per Lucia | B3 Chiamalo Amore | B4 Sharazan | B5 Emozioni | B6 Hispavox | B7 Si Puo Dare Di Più | C1 Ti Sento | C2 Boys (Summertime Love) | C3 I Treni Di Tozeur | C4 Farfallina | C5 La Valle Del Eden | C6 La Stagione Del L'Amore | C7 Canto A Lloret | D1 I Maschi | D2 Pazza Idea | D3 De Nuevo Tu | D4 Zitto Zitto | D5 Le Notti Di Maggio,16
163958,LP,Anita Meyer,Shades Of Desire,203.935,1906340,5.0,los of lot,"LP Anita Meyer - Shades Of Desire - Ariola, Ariola","LP, Ariola, Ariola 203.935
Persing Netherlands 1981
1x Vinyl LP Album
A1 Why Tell Me Why
A2 They Don't Play Our Love Song Anymore
A3 Reckless
A4 Hurtin' Doesn't Go Away
A5 Places Where We Used To Be
B1 Love On The Line
B2 Sad Eyes
B3 Too Young To Know
B4 Jacksonville
B5 Rock Me Up A Mountain
Hoes: [invullen]. Vinyl: [invullen].
https://www.discogs.com/release/1906340",90,0.57,,https://www.discogs.com/release/1906340,"8417460 US 1950 Vinyl 10"" 78 RPM Promo | 33048435 Canada None Vinyl LP Album Reissue | 8216834 US 1970 Vinyl LP Album Club Edition",Anita Meyer,203.935,1x Vinyl LP Album,IMG20260913163958.jpg;IMG20260913164007.jpg,,10,,,369,hoesbeeld,Netherlands,False,Ariola,1,herkend op hoesbeeld: 369 samenvallende punten met de afbeelding op Discogs (gevonden via 203.935),1906340,,1981,"Pop, Europop, Ballad",1476,1981,"Ariola, Ariola",Netherlands,Shades Of Desire,A1 Why Tell Me Why | A2 They Don't Play Our Love Song Anymore | A3 Reckless | A4 Hurtin' Doesn't Go Away | A5 Places Where We Used To Be | B1 Love On The Line | B2 Sad Eyes | B3 Too Young To Know | B4 Jacksonville | B5 Rock Me Up A Mountain,24
164044,LP,Various,Woman In Love Volume 2,ADEH 83,1689144,5.0,los of lot,"LP Various - Woman In Love Volume 2 - Arcade, Arcade","LP, Arcade, Arcade ADEH 83
Persing Netherlands 1981
2x Vinyl LP Compilation Gatefold
A1 Rainy Night In Georgia
A2 If I Coulda, Woulda, Shoulda
A3 Harbor Lights
A4 Misty Blue
A5 I'm Sorry (Heel Even)
A6 Lorilee
A7 The Way We Were / Try To Remember
B1 Midnight Hour
B2 Dancin' Shoes
B3 Someone To Lay Down Beside Me
B4 Dust In The Wind
B5 Fool (If You Think It's Over)
B6 Living Inside Myself
B7 Raining In My Heart
C1 Daniel
C2 The Hungry Years
C3 Angel Of Mine
C4 The Hurtin' Doesn't Go Away
C5 London
C6 Other Peoples' Rooms
C7 Theme From The Deer Hunter (Cavatina)
D1 Dreams
D2 Yuma / Go Away Little Boy
D3 This Girl's In Love With You
D4 I Don't Go Shopping
D5 How You Gonna See Me Now
Hoes: [invullen]. Vinyl: [invullen].
https://www.discogs.com/release/1689144",40,0.58,,https://www.discogs.com/release/1689144,2579317 Netherlands 1981 Vinyl LP Compilation Stereo | 1570117 Netherlands 1982 Vinyl LP Compilation Stereo | 3439396 Netherlands 1981 Vinyl LP Album Stereo,Various,ADEH 83,2x Vinyl LP Compilation Gatefold,IMG20260913164044.jpg;IMG20260913164054.jpg;IMG20260913164102.jpg,,28,,,257,tracklist,Netherlands,True,Arcade,2,herkend op tracklist: 27 van 28 tracktitels teruggevonden (via hint artiest+titel),1689144,,1981,"Electronic, Jazz, Rock, Funk / Soul, Pop, Synth-pop, Disco, Pop Rock, Soul, Easy Listening",667,1981,"Arcade, Arcade",Netherlands,Woman In Love Volume 2,"A1 Rainy Night In Georgia | A2 If I Coulda, Woulda, Shoulda | A3 Harbor Lights | A4 Misty Blue | A5 I'm Sorry (Heel Even) | A6 Lorilee | A7 The Way We Were / Try To Remember | B1 Midnight Hour | B2 Dancin' Shoes | B3 Someone To Lay Down Beside Me | B4 Dust In The Wind | B5 Fool (If You Think It's Over) | B6 Living Inside Myself | B7 Raining In My Heart | C1 Daniel | C2 The Hungry Years | C3 Angel Of Mine | C4 The Hurtin' Doesn't Go Away | C5 London | C6 Other Peoples' Rooms | C7 Theme From The Deer Hunter (Cavatina) | D1 Dreams | D2 Yuma / Go Away Little Boy | D3 This Girl's In Love With You | D4 I Don't Go Shopping | D5 How You Gonna See Me Now",31
164117,LP,Various,Woman In Love,ADEH 71,615067,5.0,los of lot,"LP Various - Woman In Love - Crown (6), Crown (6)","LP, Crown (6), Crown (6) ADEH 71
Persing Netherlands 1980
2x Vinyl LP Compilation Gatefold
A1 One Day I'll Fly Away
A2 I'll Never Love This Way Again
A3 Never Let Her Go
A4 You're So Vain
A5 Everybody's Got To Learn Sometimes
A6 Don't Make Me Over
A7 Don't Leave Tonight
B1 More Than I Can Say
B2 A Little Bit More
B3 Theme From Mahogany
B4 Someone I Used To Know
B5 Shining Star
B6 Neither One Of Us Wants To Be The First To Say Goodbye
B7 I Don't Want To Talk About It
C1 With You I'm Born Again
C2 Too Hot
C3 Sorry Seems To Be The Hardest Word
C4 Sebastian
C5 Sometimes
C6 If You're Lookin' For A Way Out
C7 I'll Put You Together Again
D1 Love Don't Live Here Anymore
D2 Love Is Such A Sweet Surprise
D3 Guilty
D4 Aquarius
D5 Blue Bayou
Hoes: [invullen]. Vinyl: [invullen].
https://www.discogs.com/release/615067",56,0.53,,https://www.discogs.com/release/615067,3439396 Netherlands 1981 Vinyl LP Album Stereo | 4191512 Netherlands 1985 Vinyl LP Compilation | 27979191 Netherlands 1985 Vinyl LP Compilation,Various,ADEH 71,2x Vinyl LP Compilation Gatefold,IMG20260913164117.jpg;IMG20260913164123.jpg;IMG20260913164143.jpg,,28,,,417,tracklist,Netherlands,True,Crown (6),2,herkend op tracklist: 17 van 28 tracktitels teruggevonden (via hint artiest+titel),615067,,1980,"Electronic, Jazz, Rock, Funk / Soul, Synth-pop, Disco, Pop Rock, Soul, Easy Listening",1087,1980,"Crown (6), Crown (6)",Netherlands,Woman In Love,A1 One Day I'll Fly Away | A2 I'll Never Love This Way Again | A3 Never Let Her Go | A4 You're So Vain | A5 Everybody's Got To Learn Sometimes | A6 Don't Make Me Over | A7 Don't Leave Tonight | B1 More Than I Can Say | B2 A Little Bit More | B3 Theme From Mahogany | B4 Someone I Used To Know | B5 Shining Star | B6 Neither One Of Us Wants To Be The First To Say Goodbye | B7 I Don't Want To Talk About It | C1 With You I'm Born Again | C2 Too Hot | C3 Sorry Seems To Be The Hardest Word | C4 Sebastian | C5 Sometimes | C6 If You're Lookin' For A Way Out | C7 I'll Put You Together Again | D1 Love Don't Live Here Anymore | D2 Love Is Such A Sweet Surprise | D3 Guilty | D4 Aquarius | D5 Blue Bayou,28
164200,LP,Various,The 12 Best,12.29257.6,5446259,7.0,los of lot,LP Various - The 12 Best - BASF,"LP, BASF 12.29257.6
Persing Belgium
1x Vinyl LP Compilation
A1 Sky High
A2 Sha-La-La-Lee
A3 Sweetheart My Darling
A4 You And Me
A5 Von Der Nachtigall Hab' Ich Das Jodeln Gelernt
A6 Send Me The Pillow
B1 I Believe
B2 Wenn Die Rosen Erbl¨hen In Malaga
B3 'K Ben Gelukkig En Blij
B4 Multiplication
B5 Queen Of The Rock And Roll
B6 Somewhere Between
Hoes: [invullen]. Vinyl: [invullen].
https://www.discogs.com/release/5446259",1,5.76,,https://www.discogs.com/release/5446259,46169 Germany 1988 Vinyl LP Compilation Stereo | 11824212 Germany 2018 Vinyl LP Compilation | 2146480 US 1993 Vinyl LP Compilation,Various,12.29257.6,1x Vinyl LP Compilation,IMG20260913164200.jpg;IMG20260913164205.jpg,,12,,,228,tracklist,Belgium,False,BASF,1,herkend op tracklist: 10 van 12 tracktitels teruggevonden (via tekstzoek: cindy jigsaw),5446259,,,"Rock, Pop, Folk, World, & Country",22,0,BASF,Belgium,The 12 Best,A1 Sky High | A2 Sha-La-La-Lee | A3 Sweetheart My Darling | A4 You And Me | A5 Von Der Nachtigall Hab' Ich Das Jodeln Gelernt | A6 Send Me The Pillow | B1 I Believe | B2 Wenn Die Rosen Erbl¨hen In Malaga | B3 'K Ben Gelukkig En Blij | B4 Multiplication | B5 Queen Of The Rock And Roll | B6 Somewhere Between,0
164219,LP,"Leonard Bernstein, Kiri Te Kanawa, José Carreras, Tatiana Troyanos, Kurt Ollmann, Marilyn Horne",West Side Story,415 253-1,869619,,"zeer courant, in een lot","LP Leonard Bernstein, Kiri Te Kanawa, José Carreras, Tatiana","LP, Deutsche Grammophon 415 253-1
Persing Germany 1985
2x Vinyl LP Album Stereo Gatefold
Act I
A1 No. 1 Prologue
A2 No. 2 Jet Song
A3 No. 3 Something's Coming
A4 No. 4 The Dance At The Gym: Blues - Promenade - Mambo - Cha-Cha
B1 No. 5 Maria
B2 No. 6 Balcony Scene
B3 No. 7 America
C1 No. 8 Cool
C2 No. 9 One Hand, One Heart
C3 No. 10 Tonight
C4 No. 11 The Rumble
Act II
D1 No. 12 I Feel Pretty
D2 No. 13 Ballet Sequence
D3 No. 14 Gee, Officer Krupke
D4 No. 15 A Boy Like That / I Have A Love
D5 No. 16 Taunting Scene
D6 No. 17 Finale
Hoes: [invullen]. Vinyl: [invullen].
https://www.discogs.com/release/869619",469,0.63,,https://www.discogs.com/release/869619,18829321 Germany 1985 Vinyl LP Album Club Edition | 11270695 Germany 1985 Vinyl LP Album Box Set | 3036988 Spain 1985 Vinyl LP,"Leonard Bernstein, Kiri Te Kanawa, José Carreras, Tatiana Troyanos, Kurt Ollmann, Marilyn Horne",415 253-1,2x Vinyl LP Album Stereo Gatefold,IMG20260913164219.jpg;IMG20260913164225.jpg;IMG20260913164246.jpg;IMG20260913164259.jpg,,19,,,538,bevestiging,Germany,True,Deutsche Grammophon,2,"herkend op bevestiging: titel, label en catalogusnummer teruggevonden (via 415253)",869619,,1985,"Classical, Stage & Screen, Modern, Musical",3158,1985,Deutsche Grammophon,Germany,West Side Story,"Act I | A1 No. 1 Prologue | A2 No. 2 Jet Song | A3 No. 3 Something's Coming | A4 No. 4 The Dance At The Gym: Blues - Promenade - Mambo - Cha-Cha | B1 No. 5 Maria | B2 No. 6 Balcony Scene | B3 No. 7 America | C1 No. 8 Cool | C2 No. 9 One Hand, One Heart | C3 No. 10 Tonight | C4 No. 11 The Rumble | Act II | D1 No. 12 I Feel Pretty | D2 No. 13 Ballet Sequence | D3 No. 14 Gee, Officer Krupke | D4 No. 15 A Boy Like That / I Have A Love | D5 No. 16 Taunting Scene | D6 No. 17 Finale",73
164331,single7,Mario Molino,I Sogni Del Mare ,ARC 5124,25271869,3.0,los of lot,"Single 7"" Mario Molino - I Sogni Del Mare  - Arcade Records","Single 7"", Arcade Records ARC 5124
Persing Belgium
1x Vinyl 7"" 45 RPM Single
Hoes: [invullen]. Vinyl: [invullen].
https://www.discogs.com/release/25271869",2,0.88,,https://www.discogs.com/release/25271869,"7213510 Belgium None Vinyl 7"" 45 RPM Single | 5137325 Belgium None Vinyl 45 RPM 7"" Single | 2178550 Italy 1968 Vinyl 7"" 45 RPM",Mario Molino,ARC 5124,"1x Vinyl 7"" 45 RPM Single",IMG20260913164331.jpg;IMG20260913164336.jpg,,2,,,160,bevestiging,Belgium,False,Arcade Records,1,herkend op bevestiging: titel en label/catalogusnummer teruggevonden (via hint artiest+titel),25271869,,,Pop,3,0,Arcade Records,Belgium,I Sogni Del Mare ,A  I Sogni Del Mare | B Passagiando Sulla Luna,0
164352,single7,Hervé Vilard,Elle Etait Belle / Dans Le Vent,49 058,2578822,3.0,los of lot,"Single 7"" Hervé Vilard - Elle Etait Belle / Dans Le Vent - T","Single 7"", Trema, Trema 49 058
Persing France 1974
1x Vinyl 7"" Single 45 RPM Yellow Injected Labels
Hoes: [invullen]. Vinyl: [invullen].
https://www.discogs.com/release/2578822",19,0.23,,https://www.discogs.com/release/2578822,"13548611 France 1974 Vinyl 7"" Single 45 RPM | 17220988 France 1974 Vinyl 7"" 45 RPM Single | 17221021 France 1974 Vinyl 7"" 45 RPM Single",Hervé Vilard,49 058,"1x Vinyl 7"" Single 45 RPM Yellow Injected Labels",IMG20260913164352.jpg;IMG20260913164358.jpg,,2,,,309,tracklist,France,False,Trema,1,herkend op tracklist: 2 van 2 tracktitels teruggevonden (via 49058),17221021,,1974,"Pop, Chanson",105,1974,"Trema, Trema",France,Elle Etait Belle,A Elle Etait Belle | B Dans Le Vent,2
164408,single7,Frank Michael,"Je Ne Peux Vivre Sans Toi / Viens, Partons Petite Fille",74-16247,1296278,3.0,los of lot,"Single 7"" Frank Michael - Je Ne Peux Vivre Sans Toi / Viens,","Single 7"", RCA Victor 74-16247
Persing Belgium 1973
1x Vinyl 7"" Stereo
Hoes: [invullen]. Vinyl: [invullen].
https://www.discogs.com/release/1296278",5,0.88,,https://www.discogs.com/release/1296278,"18675868 Belgium 1973 Vinyl 7"" 45 RPM Single Stereo | 4395394 France 1973 Vinyl 7"" | 22719737 Japan 1974 Vinyl 7"" 45 RPM Single Promo",Frank Michael,74-16247,"1x Vinyl 7"" Stereo",IMG20260913164408.jpg;IMG20260913164431.jpg,,2,,,216,bevestiging,Belgium,False,RCA Victor,1,herkend op bevestiging: titel en label/catalogusnummer teruggevonden (via tekstzoek: MICHAEL petite fille),1296278,,1973,"Pop, Chanson",43,1973,RCA Victor,Belgium,"Je Ne Peux Vivre Sans Toi / Viens, Partons Petite Fille","A Je Ne Peux Vivre Sans Toi | B Viens, Partons Petite Fille",1
164445,single7,Frank Michael,Ma Joie De Vivre / On S'aime Vraiment,YBPB O.406,771594,3.0,los of lot,"Single 7"" Frank Michael - Ma Joie De Vivre / On S'aime Vraim","Single 7"", RCA Victor, RCA Victor YBPB O.406
Persing Belgium 1974
1x Vinyl 7"" 45 RPM Stereo
Hoes: [invullen]. Vinyl: [invullen].
https://www.discogs.com/release/771594",6,1.74,,https://www.discogs.com/release/771594,15411457 Belgium 1975 Vinyl LP Album,Frank Michael,YBPB O.406,"1x Vinyl 7"" 45 RPM Stereo",IMG20260913164445.jpg;IMG20260913164450.jpg,,2,,,483,bevestiging,Belgium,False,RCA Victor,1,herkend op bevestiging: titel en label/catalogusnummer teruggevonden (via tekstzoek: ybpb joie),771594,,1974,"Pop, Chanson",33,1974,"RCA Victor, RCA Victor",Belgium,Ma Joie De Vivre / On S'aime Vraiment,A Ma Joie De Vivre | B On S'aime Vraiment,2
164516,single7,Michel Leeb,Le Tombeur,884 636-7,4282680,3.0,los of lot,"Single 7"" Michel Leeb - Le Tombeur - Philips","Single 7"", Philips 884 636-7
Persing France 1986
1x Vinyl 7"" 45 RPM Stereo
Hoes: [invullen]. Vinyl: [invullen].
https://www.discogs.com/release/4282680",30,0.58,,https://www.discogs.com/release/4282680,"669360 Europe 1997 Vinyl 12"" 45 RPM Stereo | 1050610 Italy 1997 Vinyl 12"" 33 ⅓ RPM",Michel Leeb,884 636-7,"1x Vinyl 7"" 45 RPM Stereo",IMG20260913164516.jpg;IMG20260913164551.jpg,,2,,,538,tracklist,France,False,Philips,1,herkend op tracklist: 1 van 2 tracktitels teruggevonden (via 884636),4282680,,1986,"Pop, Chanson",122,1986,Philips,France,Le Tombeur,1 Le Tombeur | 2 Le Tombeur (Instrumental),0
164627,single7,Philippe Lavil,Il Tape Sur Des Bambous,PB 8926,2196408,3.0,los of lot,"Single 7"" Philippe Lavil - Il Tape Sur Des Bambous - RCA Vic","Single 7"", RCA Victor PB 8926
Persing France 1982
1x Vinyl 7"" 45 RPM Single
Hoes: [invullen]. Vinyl: [invullen].
https://www.discogs.com/release/2196408",51,0.23,,https://www.discogs.com/release/2196408,"4291483 France 1982 Vinyl 7"" 45 RPM Single | 3842351 France 1982 Vinyl 7"" 45 RPM Single Stereo | 19997140 France 1982 Vinyl 7"" 45 RPM",Philippe Lavil,PB 8926,"1x Vinyl 7"" 45 RPM Single",IMG20260913164627.jpg;IMG20260913164631.jpg,,2,,,417,tracklist,France,False,RCA Victor,1,herkend op tracklist: 2 van 2 tracktitels teruggevonden (via PB 8926),1323515,,1982,"Pop, Chanson",563,1982,RCA Victor,France,Il Tape Sur Des Bambous,A Il Tape Sur Des Bambous | B Tennis,9
164646,single7,Alain Chamfort,"Je Pense A Elle, Elle Pense A Moi",6061 187,3334398,3.0,los of lot,"Single 7"" Alain Chamfort - Je Pense A Elle, Elle Pense A Moi","Single 7"", Disques Flèche 6061 187
Persing France 1973
1x Vinyl 7"" 45 RPM Single
Hoes: [invullen]. Vinyl: [invullen].
https://www.discogs.com/release/3334398",23,0.1,,https://www.discogs.com/release/3334398,"11808723 France 1973 Vinyl 7"" 45 RPM Single | 4491962 France 1973 Vinyl 7"" Single 45 RPM | 12841029 France 1973 Vinyl 7"" 45 RPM Single",Alain Chamfort,6061 187,"1x Vinyl 7"" 45 RPM Single",IMG20260913164646.jpg;IMG20260913164650.jpg,,2,,,261,tracklist,France,False,Disques Flèche,1,herkend op tracklist: 2 van 2 tracktitels teruggevonden (via 6061187),3334398,,1973,"Pop, Chanson",182,1973,Disques Flèche,France,"Je Pense A Elle, Elle Pense A Moi","1 Je Pense A Elle, Elle Pense A Moi | 2 Ma Leçon D'amour",8
164727,single7,Jean Vallée,L'Amour Ça Fait Chanter La Vie,CBS 6257,4587661,3.0,los of lot,"Single 7"" Jean Vallée - L'Amour Ça Fait Chanter La Vie - CBS","Single 7"", CBS CBS 6257
Persing France 1978
1x Vinyl 7"" Single
Hoes: [invullen]. Vinyl: [invullen].
https://www.discogs.com/release/4587661",33,0.57,,https://www.discogs.com/release/4587661,"2456550 France 1978 Vinyl 7"" Single 45 RPM | 634643 Europe 1978 Vinyl 7"" 45 RPM Single Stereo | 6918238 Greece 1978 Vinyl 7"" 45 RPM Single",Jean Vallée,CBS 6257,"1x Vinyl 7"" Single",IMG20260913164727.jpg;IMG20260913164733.jpg,,2,,,374,tracklist,France,False,CBS,1,herkend op tracklist: 2 van 2 tracktitels teruggevonden (via CBS 6257),2456550,,1978,"Pop, Chanson",160,1978,CBS,France,L'Amour Ça Fait Chanter La Vie (Sélection Eurovision 78),A L'Amour Ça Fait Chanter La Vie | B Nonobstant,5
164748,single7,Corinne Hermès,Si La Vie Est Cadeau,811 601-7,2474388,3.0,los of lot,"Single 7"" Corinne Hermès - Si La Vie Est Cadeau - Saban Reco","Single 7"", Saban Records 811 601-7
Persing France 1983
1x Vinyl 7"" 45 RPM Single Repress
Hoes: [invullen]. Vinyl: [invullen].
https://www.discogs.com/release/2474388",73,0.34,,https://www.discogs.com/release/2474388,"5780914 France 1983 Vinyl 7"" 45 RPM Single | 15258445 France 1983 Vinyl 7"" 45 RPM Single Repress | 7874393 France 1983 Vinyl 7"" 45 RPM Single Repress",Corinne Hermès,811 601-7,"1x Vinyl 7"" 45 RPM Single Repress",IMG20260913164748.jpg;IMG20260913164752.jpg,,2,,,218,tracklist,France,False,Saban Records,1,herkend op tracklist: 2 van 2 tracktitels teruggevonden (via 811 601),5780914,,1983,"Pop, Chanson, Vocal",390,1983,Saban Records,France,Si La Vie Est Cadeau,A Si La Vie Est Cadeau | B Pour Un Peu De Toi,7
164800,single7,Anne-Marie David,Tu Te Reconnaitras,EPC 1353,1572418,3.0,los of lot,"Single 7"" Anne-Marie David - Tu Te Reconnaitras - Epic, Epic","Single 7"", Epic, Epic EPC 1353
Persing France 1973
1x Vinyl 7"" Single 45 RPM
Hoes: [invullen]. Vinyl: [invullen].
https://www.discogs.com/release/1572418",60,0.69,,https://www.discogs.com/release/1572418,"11251255 France 1973 Vinyl 7"" Single 45 RPM | 8957941 France 1973 Vinyl 7"" Single 45 RPM | 14419190 France 1973 Vinyl 7"" 45 RPM Single Reissue",Anne-Marie David,EPC 1353,"1x Vinyl 7"" Single 45 RPM",IMG20260913164800.jpg;IMG20260913164805.jpg,,2,,,69,tracklist,France,False,Epic,1,herkend op tracklist: 2 van 2 tracktitels teruggevonden (via EPC 1353),11251255,,1973,"Pop, Chanson",488,1973,"Epic, Epic",France,Tu Te Reconnaitras,A Tu Te Reconnaitras | B Au Bout Du Monde,20
164838,single7,"Ralph Clouds, Sophie Blaede, Gérard Pochonet And His Orchestra",Tous Les Garçons Et Les Filles / L'idole Des Jeunes,17.335,6985104,16.5,los verkopen,"Single 7"" Ralph Clouds, Sophie Blaede, Gérard Pochonet And H","Single 7"", Panorama (4) 17.335
Persing France 1963
1x Vinyl 7"" 45 RPM EP
Hoes: [invullen]. Vinyl: [invullen].
https://www.discogs.com/release/6985104",1,11.63,,https://www.discogs.com/release/6985104,"10892710 France None Vinyl 7"" 45 RPM | 4191482 France 1971 Vinyl 7"" 33 ⅓ RPM Single | 502843 Germany 1990 Vinyl 7"" 45 RPM Single Stereo","Ralph Clouds, Sophie Blaede, Gérard Pochonet And His Orchestra",17.335,"1x Vinyl 7"" 45 RPM EP",IMG20260913164838.jpg;IMG20260913164845.jpg,,4,,,41,tracklist,France,False,Panorama (4),1,herkend op tracklist: 4 van 4 tracktitels teruggevonden (via hint artiest+titel),6985104,,1963,"Jazz, Pop, Chanson, Hard Bop, Swing",42,1963,Panorama (4),France,Tous Les Garçons Et Les Filles / L'idole Des Jeunes,A1 L'idole Des Jeunes | A2 Two Thirty A.M. | B1 Tous Les Garçons Et Les Filles | B2 Echoes Of Basie,9
164923,single7,Charles Aznavour,The Old Fashioned Way,61.751,1295509,,"zeer courant, in een lot","Single 7"" Charles Aznavour - The Old Fashioned Way - Barclay","Single 7"", Barclay, Barclay 61.751
Persing France 1973
1x Vinyl 7"" 45 RPM Single
Hoes: [invullen]. Vinyl: [invullen].
https://www.discogs.com/release/1295509",92,0.58,,https://www.discogs.com/release/1295509,"1746091 France 1974 Vinyl 7"" 45 RPM | 4594394 Australia 1973 Vinyl 7"" 45 RPM | 1170390 Europe 1984 Vinyl 7"" 45 RPM Single Stereo",Charles Aznavour,61.751,"1x Vinyl 7"" 45 RPM Single",IMG20260913164923.jpg;IMG20260913164928.jpg,,2,,,333,tracklist,France,False,Barclay,1,herkend op tracklist: 1 van 2 tracktitels teruggevonden (via 61.751),1295509,,1973,"Pop, Chanson",668,1973,"Barclay, Barclay",France,The Old Fashioned Way,A The Old Fashioned Way | B What Makes A Man,13
164943,single7,Charles Aznavour,Les Plaisirs Démodés / Me Voilà Seul,61.569,809997,3.0,los of lot,"Single 7"" Charles Aznavour - Les Plaisirs Démodés / Me Voilà","Single 7"", Barclay 61.569
Persing France 1972
1x Vinyl 7"" 45 RPM Single Reissue Stereo Paper Labels
Hoes: [invullen]. Vinyl: [invullen].
https://www.discogs.com/release/809997",57,0.62,,https://www.discogs.com/release/809997,"8345301 France 1972 Vinyl 7"" 45 RPM Single | 8103263 France 1972 Vinyl 7"" 45 RPM Single Reissue Stereo | 8594821 France 1972 Vinyl 7"" 45 RPM",Charles Aznavour,61.569,"1x Vinyl 7"" 45 RPM Single Reissue Stereo Paper Labels",IMG20260913164943.jpg;IMG20260913164949.jpg,,2,,,614,hoesbeeld,France,False,Barclay,1,herkend op hoesbeeld: 614 samenvallende punten met de afbeelding op Discogs (gevonden via tekstzoek: charles aznavour seul),809997,,1972,"Pop, Chanson",568,1972,Barclay,France,Les Plaisirs Démodés / Me Voilà Seul,A Les Plaisirs Démodés | B Me Voilà Seul,20
165003,single7,Matt Monro,Alguien Canto,CSL 2318,6417251,3.0,los of lot,"Single 7"" Matt Monro - Alguien Canto - Capitol Records","Single 7"", Capitol Records CSL 2318
Persing Spain 1968
1x Vinyl 7"" 45 RPM Single
Hoes: [invullen]. Vinyl: [invullen].
https://www.discogs.com/release/6417251",36,0.69,,https://www.discogs.com/release/6417251,"9350818 Spain 1968 Vinyl 7"" 45 RPM Single | 12736697 Spain 1969 Vinyl 7"" 45 RPM Single Repress | 14540611 Spain 1968 Vinyl 7"" 45 RPM Single",Matt Monro,CSL 2318,"1x Vinyl 7"" 45 RPM Single",IMG20260913165003.jpg;IMG20260913165006.jpg,,2,,,290,hoesbeeld,Spain,False,Capitol Records,1,herkend op hoesbeeld: 290 samenvallende punten met de afbeelding op Discogs (gevonden via CSL2318); tekst wees naar 'Alguien Cantó' maar de hoes sprak dat tegen (8 punten),14540611,,1968,"Pop, Stage & Screen, Easy Listening",154,1968,Capitol Records,Spain,Alguien Cantó,"A Alguien Cantó ""The Music Played"" | B De Repente Un Día ""One Day Soon""",13
165017,single7,Adriano Celentano,"Si Tu Travailles, On Fait L'amour = Chi Non Lavora Non Fa L'amore",INT. 80232,3527284,3.0,los of lot,"Single 7"" Adriano Celentano - Si Tu Travailles, On Fait L'am","Single 7"", Disques Vogue, Clan Celentano INT. 80232
Persing France 1970
1x Vinyl 7"" 45 RPM Single
Hoes: [invullen]. Vinyl: [invullen].
https://www.discogs.com/release/3527284",25,0.57,,https://www.discogs.com/release/3527284,,Adriano Celentano,INT. 80232,"1x Vinyl 7"" 45 RPM Single",IMG20260913165017.jpg;IMG20260913165026.jpg,,2,,,213,tracklist,France,False,Disques Vogue,1,herkend op tracklist: 2 van 2 tracktitels teruggevonden (via INT.80232),3527284,,1970,"Pop, Chanson",185,1970,"Disques Vogue, Clan Celentano",France,"Si Tu Travailles, On Fait L'amour = Chi Non Lavora Non Fa L'amore","A Si Tu Travailles, On Fait L'amour = Chi Non Lavora Non Fa L'amore | B Deux Ennemis Qui S'adorent = Due Nemici Innamorati",12
165039,single7,Gianni Marzano,Mal D'amour,45. VB. 140.310,748538,3.0,los of lot,"Single 7"" Gianni Marzano - Mal D'amour - Vogue, Vogue","Single 7"", Vogue, Vogue 45. VB. 140.310
Persing France 1977
1x Vinyl 7"" 45 RPM
Hoes: [invullen]. Vinyl: [invullen].
https://www.discogs.com/release/748538",39,0.55,,https://www.discogs.com/release/748538,"4211017 Canada 1977 Vinyl 7"" 45 RPM Single Stereo | 1458427 France None Vinyl LP Compilation | 30992329 Belgium None Vinyl LP Compilation",Gianni Marzano,45. VB. 140.310,"1x Vinyl 7"" 45 RPM",IMG20260913165039.jpg;IMG20260913165043.jpg,,2,,,406,hoesbeeld,France,False,Vogue,1,herkend op hoesbeeld: 406 samenvallende punten met de afbeelding op Discogs (gevonden via 45.VB.140.310),748538,,1977,"Pop, Chanson",118,1977,"Vogue, Vogue",France,Mal D'amour,"A Mal D'amour | B Bien Sûr, Je Sais",2
165108,single7,Lange Jojo,Hij Dansde De French Can Can,VB. 297,4035126,3.0,los of lot,"Single 7"" Lange Jojo - Hij Dansde De French Can Can - Vogue","Single 7"", Vogue VB. 297
Persing Belgium 1973
1x Vinyl 7"" 45 RPM Single
Hoes: [invullen]. Vinyl: [invullen].
https://www.discogs.com/release/4035126",18,0.29,,https://www.discogs.com/release/4035126,"14802536 Belgium 1973 Vinyl 7"" 45 RPM Single | 11287194 Switzerland 1972 Vinyl 7"" 45 RPM EP Stereo | 26287988 UK 2023 Vinyl LP Album Limited Edition",Lange Jojo,VB. 297,"1x Vinyl 7"" 45 RPM Single",IMG20260913165108.jpg;IMG20260913165113.jpg,,2,,,189,tracklist,Belgium,False,Vogue,1,herkend op tracklist: 1 van 2 tracktitels teruggevonden (via VB.297),4035126,,1973,"Pop, Parody",143,1973,Vogue,Belgium,Hij Dansde De French Can Can,A De French Cancan | B Tarzan,1
165153,single7,The Temptations,Masterpiece,4 C006-94223,1622829,3.0,los of lot,"Single 7"" The Temptations - Masterpiece - Tamla Motown, Taml","Single 7"", Tamla Motown, Tamla Motown 4 C006-94223
Persing Belgium 1973
1x Vinyl 7"" 45 RPM Stereo
Hoes: [invullen]. Vinyl: [invullen].
https://www.discogs.com/release/1622829",18,1.74,,https://www.discogs.com/release/1622829,"15968879 Belgium 1973 Vinyl 7"" 45 RPM Single Stereo | 1701449 Germany 1973 Vinyl 7"" 45 RPM Single | 7673665 Germany 1973 Vinyl 7"" 45 RPM Single",The Temptations,4 C006-94223,"1x Vinyl 7"" 45 RPM Stereo",IMG20260913165153.jpg;IMG20260913165158.jpg,,2,,,161,bevestiging,Belgium,False,Tamla Motown,1,herkend op bevestiging: titel en label/catalogusnummer teruggevonden (via 4C006-94223),1622829,,1973,"Funk / Soul, Soul",125,1973,"Tamla Motown, Tamla Motown",Belgium,Masterpiece,A Masterpiece (Vocal) | B Masterpiece (Instrumental),20
165216,single7,Joe Dolan,Lady In Blue,45. PY. 12 124,1014092,,"zeer courant, in een lot","Single 7"" Joe Dolan - Lady In Blue - Pye Records, Pye Record","Single 7"", Pye Records, Pye Records 45 PY.12124
Persing France 1975
1x Vinyl 7"" 45 RPM Single Stereo
Hoes: [invullen]. Vinyl: [invullen].
https://www.discogs.com/release/1014092",141,0.29,,https://www.discogs.com/release/1014092,"5235659 France 1975 Vinyl 7"" 45 RPM Single | 37711011 France 1975 Vinyl 7"" 45 RPM Single | 12006706 France 1978 Vinyl 7"" 45 RPM Single",Joe Dolan,45 PY.12124,"1x Vinyl 7"" 45 RPM Single Stereo",IMG20260913165216.jpg;IMG20260913165225.jpg,,2,,,543,hoesbeeld,France,False,Pye Records,1,herkend op hoesbeeld: 543 samenvallende punten met de afbeelding op Discogs (gevonden via PY.12124),37711011,,1975,"Rock, Pop, Country Rock, Vocal",791,1975,"Pye Records, Pye Records",France,Lady In Blue,A Lady In Blue | B Darling Michelle,11
165310,single7,Marv Johnson,I Miss You Baby (How I Miss You) ,5C 006-90735 M,10237667,64.5,los verkopen,"Single 7"" Marv Johnson - I Miss You Baby (How I Miss You)  -","Single 7"", Tamla Motown 5C 006-90735 M
Persing Netherlands 1969
1x Vinyl 7"" 45 RPM Single Mono 4-prong center
Hoes: [invullen]. Vinyl: [invullen].
https://www.discogs.com/release/10237667",1,44.83,,https://www.discogs.com/release/10237667,"1961745 Netherlands 1976 Vinyl 7"" 45 RPM Single Reissue Stereo | 2790854 UK 1969 Vinyl 7"" 45 RPM Single | 10022721 UK 1969 Vinyl 7"" 45 RPM Single",Marv Johnson,5C 006-90735 M,"1x Vinyl 7"" 45 RPM Single Mono 4-prong center",IMG20260913165310.jpg;IMG20260913165319.jpg,,2,,,79,tracklist,Netherlands,False,Tamla Motown,1,herkend op tracklist: 2 van 2 tracktitels teruggevonden (via hint artiest+titel),10237667,,1969,"Funk / Soul, Pop, Rhythm & Blues, Soul, Vocal, Ballad",9,1969,Tamla Motown,Netherlands,I Miss You Baby (How I Miss You) ,A I Miss You Baby (How I Miss You) | B Bad Girl,11
165331,single7,Anthony Quinn,My Forgotten Years,AA 702,5170520,3.0,los of lot,"Single 7"" Anthony Quinn - My Forgotten Years - Disques Marka","Single 7"", Disques Markal AA 702
Persing Belgium
1x Vinyl 7"" 45 RPM
Hoes: [invullen]. Vinyl: [invullen].
https://www.discogs.com/release/5170520",23,0.8,,https://www.discogs.com/release/5170520,"13190421 Belgium None Vinyl 7"" 45 RPM Single | 16229816 US None Vinyl 7"" 45 RPM Single Promo Stereo Mono | 12959488 Canada None Vinyl 7"" 45 RPM Single Stereo",Anthony Quinn,AA 702,"1x Vinyl 7"" 45 RPM",IMG20260913165331.jpg;IMG20260913165340.jpg,,2,,,48,tracklist,Belgium,False,Disques Markal,1,herkend op tracklist: 1 van 2 tracktitels teruggevonden (via AA702),5170520,,,"Pop, Chanson, Vocal",70,0,Disques Markal,Belgium,My Forgotten Years,A My Forgotten Years | B My Forgotten Years (Instrumental),1
165756,single7,Barbra Streisand,Woman In Love,CBS 8966,539484,,"zeer courant, in een lot","Single 7"" Barbra Streisand - Woman In Love - CBS, CBS","Single 7"", CBS, CBS CBS 8966
Persing Europe 1980
1x Vinyl 7"" 45 RPM Single Stereo
Hoes: [invullen]. Vinyl: [invullen].
https://www.discogs.com/release/539484",400,0.11,,https://www.discogs.com/release/539484,"9081514 Europe 1980 Vinyl 7"" 45 RPM Single | 6661987 Europe 1980 Vinyl 7"" 45 RPM Stereo | 12155124 Europe 1980 Vinyl 7"" 45 RPM Single Stereo",Barbra Streisand,CBS 8966,"1x Vinyl 7"" 45 RPM Single Stereo",IMG20260913165756.jpg;IMG20260913165803.jpg,,2,,,348,hoesbeeld,Europe,False,CBS,1,herkend op hoesbeeld: 348 samenvallende punten met de afbeelding op Discogs (gevonden via tekstzoek: BARBRA STREISAND WOMAN IN LOVE),539484,,1980,"Pop, Ballad",4245,1980,"CBS, CBS",Europe,Woman In Love,A Woman In Love | B Run Wild,100
165852,single7,Stars On 45,Proudly Presents The Star Sisters,142.004,1004085,,"zeer courant, in een lot","Single 7"" Stars On 45 - Proudly Presents The Star Sisters - ","Single 7"", CNR Records 142.004
Persing Netherlands 1983
1x Vinyl 7"" 45 RPM Single Stereo
Hoes: [invullen]. Vinyl: [invullen].
https://www.discogs.com/release/1004085",203,0.17,,https://www.discogs.com/release/1004085,"14041916 Netherlands 1983 Vinyl 7"" Single 45 RPM | 5310692 Germany 1972 Vinyl 7"" 45 RPM | 33207456 Colombia 1986 Vinyl LP Album Stereo",Stars On 45,142.004,"1x Vinyl 7"" 45 RPM Single Stereo",IMG20260913165852.jpg;IMG20260913165857.jpg,,2,,,745,bevestiging,Netherlands,False,CNR Records,1,herkend op bevestiging: titel en label/catalogusnummer teruggevonden (via 142.004),1004085,,1983,"Electronic, Jazz, Pop, Swing, Novelty",1667,1983,CNR Records,Netherlands,Proudly Presents The Star Sisters,A Proudly Present The Star Sisters | B Stars Serenade,28
165910,LP,The Jacksons,Triumph,EPC 86112,647347,7.0,los of lot,"LP The Jacksons - Triumph - Epic, Epic","LP, Epic, Epic EPC 86112
Persing Europe 1980
1x Vinyl LP Album
A1 Can You Feel It
A2 Lovely One
A3 Your Ways
A4 Everybody
B1 Heartbreak Hotel
B2 Time Waits For No One
B3 Walk Right Now
B4 Give It Up
B5 Wondering Who
Hoes: [invullen]. Vinyl: [invullen].
https://www.discogs.com/release/647347",24,5.75,,https://www.discogs.com/release/647347,4295735 Europe 1980 Vinyl LP Album | 1828192 UK 1980 Vinyl LP Album Stereo | 3410537 Spain 1980 Vinyl LP Album,The Jacksons,EPC 86112,1x Vinyl LP Album,IMG20260913165910.jpg;IMG20260913165915.jpg,,9,,,36,tracklist,Europe,False,Epic,1,herkend op tracklist: 9 van 9 tracktitels teruggevonden (via EPC 86112),4295735,,1980,"Funk / Soul, Soul, Disco, Funk, Rhythm & Blues",2779,1980,"Epic, Epic",Europe,Triumph,A1 Can You Feel It | A2 Lovely One | A3 Your Ways | A4 Everybody | B1 Heartbreak Hotel | B2 Time Waits For No One | B3 Walk Right Now | B4 Give It Up | B5 Wondering Who,353
165923,LP,Michael Jackson,The Best Of Michael Jackson - The Motown Years,523031,450571,5.0,los of lot,LP Michael Jackson - The Best Of Michael Jackson - The Motow,"LP, Motown, Vogue 523031
Persing France & Benelux 1981
1x Vinyl LP Compilation Reissue
A1 Got To Be There
A2 Ben
A3 With A Child's Heart
A4 Happy (Love Theme From ""Lady Sings The Blues"")
A5 One Day In Your Life
A6 Just A Little Bit Of You
A7 You Are There
B1 I Wanna Be Where You Are
B2 Rockin' Robin
B3 We're Almost There
B4 Morning Glow
B5 Music And Me
B6 Ain't No Sunshine
B7 Dear Michael
Hoes: [invullen]. Vinyl: [invullen].
https://www.discogs.com/release/450571",21,3.19,,https://www.discogs.com/release/450571,3883104 US 1974 Vinyl LP Album Stereo | 1145754 Germany 1974 Vinyl LP Album Compilation Stereo | 28853053 US 1973 Vinyl LP Album Stereo,Michael Jackson,523031,1x Vinyl LP Compilation Reissue,IMG20260913165923.jpg;IMG20260913165927.jpg,,14,,,98,tracklist,France & Benelux,False,Motown,1,herkend op tracklist: 13 van 14 tracktitels teruggevonden (via 523031),450571,,1981,"Funk / Soul, Pop, Soul, Ballad",1476,1981,"Motown, Vogue",France & Benelux,The Best Of Michael Jackson - The Motown Years,"A1 Got To Be There | A2 Ben | A3 With A Child's Heart | A4 Happy (Love Theme From ""Lady Sings The Blues"") | A5 One Day In Your Life | A6 Just A Little Bit Of You | A7 You Are There | B1 I Wanna Be Where You Are | B2 Rockin' Robin | B3 We're Almost There | B4 Morning Glow | B5 Music And Me | B6 Ain't No Sunshine | B7 Dear Michael",98
165937,single7,Alain Barrière,Tu T'en Vas / Un Poete,ALB 10.118,1171792,,"zeer courant, in een lot","Single 7"" Alain Barrière - Tu T'en Vas / Un Poete - Albatros","Single 7"", Albatros ALB 10.118
Persing France 1975
1x Vinyl 7"" 45 RPM Single Stereo
Hoes: [invullen]. Vinyl: [invullen].
https://www.discogs.com/release/1171792",115,0.29,,https://www.discogs.com/release/1171792,"10321722 France 1975 Vinyl 7"" 45 RPM Single Stereo | 35949949 France 1975 Vinyl 7"" 45 RPM Single Stereo | 37100727 France 1975 Vinyl 7"" 45 RPM Single Stereo",Alain Barrière,ALB 10.118,"1x Vinyl 7"" 45 RPM Single Stereo",IMG20260913165937.jpg;IMG20260913165941.jpg,,2,,,318,tracklist,France,False,Albatros,1,herkend op tracklist: 2 van 2 tracktitels teruggevonden (via tekstzoek: ALAIN BARRIERE UN POETE),1171792,,1975,"Pop, Chanson",1090,1975,Albatros,France,Tu T'en Vas / Un Poete,A Tu T'en Vas | B Un Poete,18
165949,single7,Time Bandits,Endless Road (And I Want You To Know My Love),CBSA 6233,1261452,3.0,los of lot,"Single 7"" Time Bandits - Endless Road (And I Want You To Kno","Single 7"", CBS CBSA 6233
Persing Netherlands 1985
1x Vinyl 7"" 45 RPM Single Stereo Sunburst Labels
Hoes: [invullen]. Vinyl: [invullen].
https://www.discogs.com/release/1261452",58,0.34,,https://www.discogs.com/release/1261452,"7534877 Netherlands 1985 Vinyl 7"" 45 RPM Single Stereo | 1202917 Portugal 1985 Vinyl 7"" 45 RPM Single Stereo | 10437877 Spain 1985 Vinyl 7"" 45 RPM Single Promo",Time Bandits,CBSA 6233,"1x Vinyl 7"" 45 RPM Single Stereo Sunburst Labels",IMG20260913165949.jpg;IMG20260913165954.jpg,,2,,,616,tracklist,Netherlands,False,CBS,1,herkend op tracklist: 2 van 2 tracktitels teruggevonden (via CBSA6233),1261452,,1985,"Electronic, Pop, Synth-pop",868,1985,CBS,Netherlands,Endless Road (And I Want You To Know My Love),A Endless Road (And I Want You To Know My Love) | B Fiction,42
170004,single7,ABBA,Head Over Heels / The Visitors,101608,718468,3.0,los of lot,"Single 7"" ABBA - Head Over Heels / The Visitors - Vogue","Single 7"", Vogue 101608
Persing France 1982
1x Vinyl 7"" 45 RPM Single
Hoes: [invullen]. Vinyl: [invullen].
https://www.discogs.com/release/718468",71,0.35,,https://www.discogs.com/release/718468,"6571289 France 1982 Vinyl 7"" 45 RPM Single | 3841159 Denmark 2012 Vinyl 12"" 45 RPM Single Sided Etched Limited Edition Stereo | 11685928 USSR 1981 Vinyl LP",ABBA,101608,"1x Vinyl 7"" 45 RPM Single",IMG20260913170004.jpg;IMG20260913170020.jpg,,2,,,206,tracklist,France,False,Vogue,1,herkend op tracklist: 2 van 2 tracktitels teruggevonden (via 101608),718468,,1982,"Pop, Vocal, Disco",1092,1982,Vogue,France,Head Over Heels / The Visitors,A Head Over Heels | B The Visitors,47
170039,single7,ABBA,One Of Us,2002 113,1098743,,"zeer courant, in een lot","Single 7"" ABBA - One Of Us - Polydor","Single 7"", Polydor 2002 113
Persing Netherlands 1981
1x Vinyl 7"" 45 RPM Single
Hoes: [invullen]. Vinyl: [invullen].
https://www.discogs.com/release/1098743",104,0.81,,https://www.discogs.com/release/1098743,"416689 Germany 1981 Vinyl 7"" 45 RPM Single Stereo | 5961307 Austria 1981 Vinyl 7"" 45 RPM Single Stereo | 5919486 Portugal 1981 Vinyl 7"" Single 45 RPM",ABBA,2002 113,"1x Vinyl 7"" 45 RPM Single",IMG20260913170039.jpg;IMG20260913170044.jpg,,2,,,429,hoesbeeld,Netherlands,False,Polydor,1,herkend op hoesbeeld: 429 samenvallende punten met de afbeelding op Discogs (gevonden via 2002113); tekst wees naar 'Should I Laugh Or Cry' maar de hoes sprak dat tegen (4 punten),1098743,,1981,"Electronic, Pop, Synth-pop, Vocal",1173,1981,Polydor,Netherlands,One Of Us,A One Of Us | B Should I Laugh Or Cry,40
170059,single7,ABBA,Under Attack / You Owe Me One,101718,793027,3.0,los of lot,"Single 7"" ABBA - Under Attack / You Owe Me One - Vogue","Single 7"", Vogue 101718
Persing France 1982
1x Vinyl 7"" 45 RPM Single Paper Labels
Hoes: [invullen]. Vinyl: [invullen].
https://www.discogs.com/release/793027",19,1.14,,https://www.discogs.com/release/793027,"6663513 France 1982 Vinyl 7"" 45 RPM Single | 3575829 France 1982 Vinyl 7"" 45 RPM Single | 34612549 France 1982 Vinyl 7"" 45 RPM Single",ABBA,101718,"1x Vinyl 7"" 45 RPM Single Paper Labels",IMG20260913170059.jpg;IMG20260913170109.jpg,,2,,,560,hoesbeeld,France,False,Vogue,1,herkend op hoesbeeld: 560 samenvallende punten met de afbeelding op Discogs (gevonden via 101718); tekst wees naar 'The Singles - The First Ten Years' maar de hoes sprak dat tegen (7 punten),34612549,,1982,"Pop, Europop",322,1982,Vogue,France,Under Attack / You Owe Me One,A Under Attack | B You Owe Me One,36
170121,single7,Tom Jones,Without Love / A Man Who Knows Too Much,26.225 Y,2675081,3.0,los of lot,"Single 7"" Tom Jones - Without Love / A Man Who Knows Too Muc","Single 7"", Decca 26.225 Y
Persing Belgium 1969
1x Vinyl 7"" Single 45 RPM
Hoes: [invullen]. Vinyl: [invullen].
https://www.discogs.com/release/2675081",31,0.84,,https://www.discogs.com/release/2675081,"26668466 Belgium None Vinyl 7"" 45 RPM Promo | 11065858 Netherlands 1979 Vinyl LP Compilation Stereo",Tom Jones,26.225 Y,"1x Vinyl 7"" Single 45 RPM",IMG20260913170121.jpg;IMG20260913170128.jpg,,2,,,,tracklist,Belgium,False,Decca,1,herkend op tracklist: 2 van 2 tracktitels teruggevonden (via hint catno),26668466,,,"Pop, Vocal",187,1969,Decca,Belgium,Without Love,A Without Love | B A Man Who Knows Too Much,8
170138,maxi12,Pino Massara,Margherita,600.146,198458,5.0,los of lot,"Maxi 12"" Pino Massara - Margherita - Fleet","Maxi 12"", Fleet 600.146
Persing Netherlands 1979
1x Vinyl 12"" 45 RPM Maxi-Single
Hoes: [invullen]. Vinyl: [invullen].
https://www.discogs.com/release/198458",24,0.58,,https://www.discogs.com/release/198458,"2562707 Netherlands 1979 Vinyl 12"" 45 RPM Maxi-Single Limited Edition Stereo | 159319 Germany 1979 Vinyl 12"" 45 RPM Single | 1459652 Spain 1992 Vinyl 12"" 45 RPM Maxi-Single Stereo",Pino Massara,600.146,"1x Vinyl 12"" 45 RPM Maxi-Single",IMG20260913170138.jpg;IMG20260913170143.jpg,,2,,,379,hoesbeeld,Netherlands,False,Fleet,1,herkend op hoesbeeld: 379 samenvallende punten met de afbeelding op Discogs (gevonden via hint artiest+titel),198458,,1979,"Electronic, Disco",437,1979,Fleet,Netherlands,Margherita,A Margherita (Part One) | B Margherita (Part Two),434
170151,single7,Slade,The Bangin' Man,2058 492,3272477,3.0,los of lot,"Single 7"" Slade - The Bangin' Man - Polydor","Single 7"", Polydor 2058 492
Persing Belgium 1974
1x Vinyl 7"" 45 RPM Single
Hoes: [invullen]. Vinyl: [invullen].
https://www.discogs.com/release/3272477",42,0.93,,https://www.discogs.com/release/3272477,"3458645 Germany 1974 Vinyl 7"" 45 RPM Single Stereo | 7424498 UK 1974 Vinyl 7"" 45 RPM Single | 1816652 UK 1974 Vinyl 7"" 45 RPM Single Styrene",Slade,2058 492,"1x Vinyl 7"" 45 RPM Single",IMG20260913170151.jpg;IMG20260913170154.jpg,,2,,,523,hoesbeeld,Belgium,False,Polydor,1,herkend op hoesbeeld: 523 samenvallende punten met de afbeelding op Discogs (gevonden via 2058 492),3272477,,1974,"Rock, Pop Rock, Glam",319,1974,Polydor,Belgium,The Bangin' Man,A The Bangin' Man | B She Did It To Me,21
170207,single7,Taco,Singin' In The Rain,PB 69009,2378740,3.0,los of lot,"Single 7"" Taco - Singin' In The Rain - RCA Victor","Single 7"", RCA Victor PB 69009
Persing Belgium 1982
1x Vinyl 7"" 45 RPM
Hoes: [invullen]. Vinyl: [invullen].
https://www.discogs.com/release/2378740",21,0.87,,https://www.discogs.com/release/2378740,"1333722 Germany 1982 Vinyl 7"" 45 RPM Single Stereo | 6747709 Spain 1983 Vinyl 7"" 45 RPM Stereo | 3595610 Portugal 1982 Vinyl 7"" 45 RPM",Taco,PB 69009,"1x Vinyl 7"" 45 RPM",IMG20260913170207.jpg;IMG20260913170215.jpg,,2,,,304,hoesbeeld,Belgium,False,RCA Victor,1,herkend op hoesbeeld: 304 samenvallende punten met de afbeelding op Discogs (gevonden via PB69009); tekst wees naar 'After Eight' maar de hoes sprak dat tegen (6 punten),2378740,,1982,"Electronic, Synth-pop, Disco",74,1982,RCA Victor,Belgium,Singin' In The Rain,A Singin' In The Rain | B After Eight,8
170239,LP,Nicole Croisille,Femme...,ST 69 637,5698637,5.0,los of lot,LP Nicole Croisille - Femme... - Spot (2),"LP, Spot (2) ST 69 637
Persing France 1975
1x Vinyl LP Album Gatefold
A1 Téléphone-Moi
A2 Une Femme Avec Toi
A3 L'amour, L'amour
A4 Le Cœur Egratigné
A5 L'accident
B1 Il Y A...
B2 C'est Comme Un Arc-en-ciel
B3 Tu Es Beau Comme Un Dieu
B4 Les Bandes Dessinées
B5 Je Ne Suis Que De L'amour
B6 Tu M'avais Dit
Hoes: [invullen]. Vinyl: [invullen].
https://www.discogs.com/release/5698637",25,2.21,,https://www.discogs.com/release/5698637,27073482 France 1975 Vinyl LP Album | 1739447 Europe 2009 Vinyl LP Album CD Album | 9053842 Europe 2016 Vinyl LP Album,Nicole Croisille,ST 69 637,1x Vinyl LP Album Gatefold,IMG20260913170239.jpg;IMG20260913170244.jpg;IMG20260913170300.jpg,,11,,,311,bevestiging,France,True,Spot (2),1,herkend op bevestiging: titel en label/catalogusnummer teruggevonden (via ST69637),5698637,,1975,"Jazz, Latin, Funk / Soul, Pop, Folk, World, & Country, Soul, Chanson",404,1975,Spot (2),France,Femme...,"A1 Téléphone-Moi | A2 Une Femme Avec Toi | A3 L'amour, L'amour | A4 Le Cœur Egratigné | A5 L'accident | B1 Il Y A... | B2 C'est Comme Un Arc-en-ciel | B3 Tu Es Beau Comme Un Dieu | B4 Les Bandes Dessinées | B5 Je Ne Suis Que De L'amour | B6 Tu M'avais Dit",19
170326,LP,"Johann Sebastian Bach, Collegium Aureum, Tölzer Knabenchor",Concert 6-10-77,F 066 073 A,11742768,,geen marktdata - zelf bekijken,"LP Johann Sebastian Bach, Collegium Aureum, Tölzer Knabencho","LP, Deutsche Harmonia Mundi F 066 073 A
Persing Germany 1977
1x Vinyl LP Stereo
A Ouverture Nr.3 D-dur BWV 1068
B Magnificat D-dur BWV 243
Hoes: [invullen]. Vinyl: [invullen].
https://www.discogs.com/release/11742768",0,,,https://www.discogs.com/release/11742768,,"Johann Sebastian Bach, Collegium Aureum, Tölzer Knabenchor",F 066 073 A,1x Vinyl LP Stereo,IMG20260913170326.jpg;IMG20260913170331.jpg;IMG20260913170339.jpg,,2,,,399,hoesbeeld,Germany,False,Deutsche Harmonia Mundi,1,herkend op hoesbeeld: 399 samenvallende punten met de afbeelding op Discogs (breed gezocht via 'Ouverture Magnificat'),11742768,,1977,"Classical, Baroque",13,1977,Deutsche Harmonia Mundi,Germany,Concert 6-10-77,A Ouverture Nr.3 D-dur BWV 1068 | B Magnificat D-dur BWV 243,1
170353,LP,Adamo,Le Disque D'Or De Salvatore Adamo,2C 064-16048,1516673,5.0,los of lot,LP Adamo - Le Disque D'Or De Salvatore Adamo - La Voix De So,"LP, La Voix De Son Maître 2C 064-16048
Persing France 1972
1x Vinyl LP Compilation Stereo
A1 Tomba La Neige
A2 Vous Permettez, Monsieur ?
A3 Quand Les Roses
A4 La Nuit
A5 A Vot' Bon Cœur
A6 Les Filles Du Bord De Mer
A7 Mes Mains Sur Tes Hanches
B1 Une Mèche De Cheveux
B2 Inch' Allah
B3 Une Larme Aux Nuages
B4 Petit Bonheur
B5 Alors... Reviens-Moi
B6 Les Belles Dames
B7 J'Avais Oublié Que Les Roses Sont Roses
Hoes: [invullen]. Vinyl: [invullen].
https://www.discogs.com/release/1516673",23,1.37,,https://www.discogs.com/release/1516673,10232795 France 1973 Vinyl LP Compilation Reissue Stereo | 9197975 France 1975 Vinyl LP Compilation Reissue Stereo | 15209216 France 1978 Vinyl LP Compilation Reissue Stereo,Adamo,2C 064-16048,1x Vinyl LP Compilation Stereo,IMG20260913170353.jpg;IMG20260913170359.jpg,,14,,,35,tracklist,France,False,La Voix De Son Maître,1,herkend op tracklist: 10 van 14 tracktitels teruggevonden (via 2C064-16048),1516673,,1972,"Pop, Chanson",289,1972,La Voix De Son Maître,France,Le Disque D'Or De Salvatore Adamo,"A1 Tomba La Neige | A2 Vous Permettez, Monsieur ? | A3 Quand Les Roses | A4 La Nuit | A5 A Vot' Bon Cœur | A6 Les Filles Du Bord De Mer | A7 Mes Mains Sur Tes Hanches | B1 Une Mèche De Cheveux | B2 Inch' Allah | B3 Une Larme Aux Nuages | B4 Petit Bonheur | B5 Alors... Reviens-Moi | B6 Les Belles Dames | B7 J'Avais Oublié Que Les Roses Sont Roses",11
170417,LP,Daniel Guichard,La Tendresse,80486,7582896,5.0,los of lot,LP Daniel Guichard - La Tendresse - Barclay,"LP, Barclay 80486
Persing France 1973
1x Vinyl LP Album Stereo Gatefold Sleeve
A1 La Tendresse
A2 Faut Pas Pleurer Comme Ça
A3 Bien Sur
A4 Si Je T'aime
A5 Reviens
A6 Les Maneges
B1 Jour Apres Jour
B2 La Nuit
B3 Ne Me Quitte Pas
B4 Chez Toi Nicole
B5 Eh ! L'Mome
B6 Marinette
Hoes: [invullen]. Vinyl: [invullen].
https://www.discogs.com/release/7582896",51,0.44,,https://www.discogs.com/release/7582896,"24898283 France 1973 Vinyl LP Album Stereo | 3180381 France 1975 Vinyl LP Album | 768577 France 1989 Vinyl 12"" 45 RPM",Daniel Guichard,80486,1x Vinyl LP Album Stereo Gatefold Sleeve,IMG20260913170417.jpg;IMG20260913170430.jpg,,12,,,269,hoesbeeld,France,False,Barclay,1,herkend op hoesbeeld: 269 samenvallende punten met de afbeelding op Discogs (gevonden via 80486),24898283,,1973,"Pop, Vocal",505,1973,Barclay,France,La Tendresse,A1 La Tendresse | A2 Faut Pas Pleurer Comme Ça | A3 Bien Sur | A4 Si Je T'aime | A5 Reviens | A6 Les Maneges | B1 Jour Apres Jour | B2 La Nuit | B3 Ne Me Quitte Pas | B4 Chez Toi Nicole | B5 Eh ! L'Mome | B6 Marinette,14
170436,LP,Daniel Guichard,La Tendresse,80486,7582896,5.0,los of lot,LP Daniel Guichard - La Tendresse - Barclay,"LP, Barclay 80486
Persing France 1973
1x Vinyl LP Album Stereo Gatefold Sleeve
A1 La Tendresse
A2 Faut Pas Pleurer Comme Ça
A3 Bien Sur
A4 Si Je T'aime
A5 Reviens
A6 Les Maneges
B1 Jour Apres Jour
B2 La Nuit
B3 Ne Me Quitte Pas
B4 Chez Toi Nicole
B5 Eh ! L'Mome
B6 Marinette
Hoes: [invullen]. Vinyl: [invullen].
https://www.discogs.com/release/7582896",51,0.44,,https://www.discogs.com/release/7582896,"24898283 France 1973 Vinyl LP Album Stereo | 3180381 France 1975 Vinyl LP Album | 768577 France 1989 Vinyl 12"" 45 RPM",Daniel Guichard,80486,1x Vinyl LP Album Stereo Gatefold Sleeve,IMG20260913170436.jpg;IMG20260913170457.jpg,,12,,,195,tracklist,France,True,Barclay,1,herkend op tracklist: 12 van 12 tracktitels teruggevonden (via hint catno),7582896,,1973,"Pop, Vocal",505,1973,Barclay,France,La Tendresse,A1 La Tendresse | A2 Faut Pas Pleurer Comme Ça | A3 Bien Sur | A4 Si Je T'aime | A5 Reviens | A6 Les Maneges | B1 Jour Apres Jour | B2 La Nuit | B3 Ne Me Quitte Pas | B4 Chez Toi Nicole | B5 Eh ! L'Mome | B6 Marinette,14
170601,LP,"Frédéric Chopin, Witold Malcuzynsky",14 Walsen,5C 045-00 495,8829186,5.0,los of lot,"LP Frédéric Chopin, Witold Malcuzynsky - 14 Walsen - Emi-nen","LP, Emi-nent 5C 045-00 495
Persing Netherlands
1x Vinyl LP Reissue
A1 Nr. 1 In Es, Op. 18 'Grande Valse Brillante'
A2 Nr. 2 In As, Op. 34 Nr. 1 'Valse Brillante'
A3 Nr. 3 In A, Op. 34 Nr.  2
A4 Nr. 4 In F, Op. 34 Nr. 3
A5 Nr. 5 In As, Op. 42 'Grande Valse'
A6 Nr. 6 In De, Op. 64 Nr. 1 'Minutenwals'
A7 Nr. 7 In Cis, Op. 64 Nr. 2
B1 Nr. 8 In As, Op. 64 Nr. 3
B2 Nr. 9 In As, Op. 69 Nr. 1 'Afscheidswals'
B3 Nr. 10 In B, Op. 69 Nr. 2
B4 Nr. 11 In Ges, Op. 70 Nr. 1
B5 Nr. 12 In F, Op. 70 Nr. 2
B6 Nr. 13 In Des, Op. 70 Nr. 3
B7 Nr. 14 In E, Op. Posth.
Hoes: [invullen]. Vinyl: [invullen].
https://www.discogs.com/release/8829186",2,1.74,,https://www.discogs.com/release/8829186,9806858 Netherlands None Vinyl LP Reissue | 4028717 Benelux None Vinyl LP Reissue | 21653845 Europe None Vinyl LP Album Reissue Stereo,"Frédéric Chopin, Witold Malcuzynsky",5C 045-00 495,1x Vinyl LP Reissue,IMG20260913170601.jpg;IMG20260913170607.jpg,,14,,,404,tracklist,Netherlands,False,Emi-nent,1,herkend op tracklist: 9 van 14 tracktitels teruggevonden (via C045-00495),8829186,,,"Classical, Romantic",11,0,Emi-nent,Netherlands,14 Walsen,"A1 Nr. 1 In Es, Op. 18 'Grande Valse Brillante' | A2 Nr. 2 In As, Op. 34 Nr. 1 'Valse Brillante' | A3 Nr. 3 In A, Op. 34 Nr.  2 | A4 Nr. 4 In F, Op. 34 Nr. 3 | A5 Nr. 5 In As, Op. 42 'Grande Valse' | A6 Nr. 6 In De, Op. 64 Nr. 1 'Minutenwals' | A7 Nr. 7 In Cis, Op. 64 Nr. 2 | B1 Nr. 8 In As, Op. 64 Nr. 3 | B2 Nr. 9 In As, Op. 69 Nr. 1 'Afscheidswals' | B3 Nr. 10 In B, Op. 69 Nr. 2 | B4 Nr. 11 In Ges, Op. 70 Nr. 1 | B5 Nr. 12 In F, Op. 70 Nr. 2 | B6 Nr. 13 In Des, Op. 70 Nr. 3 | B7 Nr. 14 In E, Op. Posth.",1
170620,LP,Frédéric Chopin,In Brillanter Interpretation,135 013,5037779,5.0,los of lot,LP Frédéric Chopin - In Brillanter Interpretation - Deutsche,"LP, Deutsche Grammophon 135 013
Persing Germany
1x Vinyl LP Compilation
A1 Grande Valse Brilliante Nr. 1 Es-Dur, Op. 18
A2 Valse Nr. 7 Cis-Moll Op. 64 Nr. 2
A3 Mazurka Nr. 47 A-Moll Op. 68 Nr. 2
A4 Mazurka Nr. 5 B-Dur Op. 7 Nr. 1
A5 Prelude Op. 28 Nr. 3 G-Dur (Vivace)
A6 Prelude Op. 28 Nr. 5 D-Dur (Allegro Molto)
A7 Polonaise Nr. 6 As-Dur Op. 53
B1 Bolero C-Dur Op. 19
B2 Etude C-Moll Op. 10 Nr. 12 (Revolutions-Etude)
B3 Ballade Nr. 4 F-Moll Op. 52
B4 Barcarolle Fis-Dur Op. 60
Hoes: [invullen]. Vinyl: [invullen].
https://www.discogs.com/release/5037779",33,1.37,,https://www.discogs.com/release/5037779,28646524 Germany None Vinyl LP Compilation | 13421352 Germany 1973 Vinyl LP Compilation | 14439223 Germany None Vinyl LP Album Mono,Frédéric Chopin,135 013,1x Vinyl LP Compilation,IMG20260913170620.jpg;IMG20260913170627.jpg,,11,,,426,tracklist,Germany,False,Deutsche Grammophon,1,herkend op tracklist: 10 van 11 tracktitels teruggevonden (via landzoek),5037779,,,"Classical, Romantic",285,0,Deutsche Grammophon,Germany,In Brillanter Interpretation,"A1 Grande Valse Brilliante Nr. 1 Es-Dur, Op. 18 | A2 Valse Nr. 7 Cis-Moll Op. 64 Nr. 2 | A3 Mazurka Nr. 47 A-Moll Op. 68 Nr. 2 | A4 Mazurka Nr. 5 B-Dur Op. 7 Nr. 1 | A5 Prelude Op. 28 Nr. 3 G-Dur (Vivace) | A6 Prelude Op. 28 Nr. 5 D-Dur (Allegro Molto) | A7 Polonaise Nr. 6 As-Dur Op. 53 | B1 Bolero C-Dur Op. 19 | B2 Etude C-Moll Op. 10 Nr. 12 (Revolutions-Etude) | B3 Ballade Nr. 4 F-Moll Op. 52 | B4 Barcarolle Fis-Dur Op. 60",2
170640,LP,Michel Sardou,20 Chansons D'or,310082/83,2793322,5.0,los of lot,"LP Michel Sardou - 20 Chansons D'or - Trema, Trema","LP, Trema, Trema 310082/83
Persing France 1980
2x Vinyl LP Compilation Stereo
A1 En Chantant
A2 La Maladie D'amour
A3 La Java De Broadway
A4 Un Enfant
A5 Les Villes De Solitude
B1 Dix Ans Plus Tot
B2 Le Temps Des Colonies
B3 Le Cure
B4 Un Accident
B5 La Vieille
C1 Je Vole
C2 Les Vieux Maries
C3 Une Fille Aux Yeux Clairs
C4 Je Veux L'epouser Pour Un Soir
C5 Le France
D1 Dans La Meme Annee
D2 La Marche En Avant
D3 Le Surveillant General
D4 Je Vais T'aimer
D5 Comme D'habitude
Hoes: [invullen]. Vinyl: [invullen].
https://www.discogs.com/release/2793322",44,1.27,,https://www.discogs.com/release/2793322,10071950 France 1984 Vinyl LP Compilation Reissue | 3649432 France 1984 Vinyl LP Compilation Reissue | 10393782 France 1983 Vinyl LP Compilation,Michel Sardou,310082/83,2x Vinyl LP Compilation Stereo,IMG20260913170640.jpg;IMG20260913170645.jpg;IMG20260913170653.jpg,,20,,,469,hoesbeeld,France,False,Trema,2,herkend op hoesbeeld: 469 samenvallende punten met de afbeelding op Discogs (gevonden via tekstzoek: chansons sardou),2793322,,1980,"Pop, Chanson",1073,1980,"Trema, Trema",France,20 Chansons D'or,A1 En Chantant | A2 La Maladie D'amour | A3 La Java De Broadway | A4 Un Enfant | A5 Les Villes De Solitude | B1 Dix Ans Plus Tot | B2 Le Temps Des Colonies | B3 Le Cure | B4 Un Accident | B5 La Vieille | C1 Je Vole | C2 Les Vieux Maries | C3 Une Fille Aux Yeux Clairs | C4 Je Veux L'epouser Pour Un Soir | C5 Le France | D1 Dans La Meme Annee | D2 La Marche En Avant | D3 Le Surveillant General | D4 Je Vais T'aimer | D5 Comme D'habitude,12
170711,LP,Lucio Battisti,Ancora Tu Greatest Hits,PL 34007,539634,5.0,los of lot,LP Lucio Battisti - Ancora Tu Greatest Hits - Numero Uno,"LP, Numero Uno PL 34007
Persing Germany 1977
1x Vinyl LP Compilation Stereo
A1 Ancora Tu
A2 La Luce Dell'Est
A3 Un Uomo Che Ti Ama
A4 Il Nostro Caro Angelo
A5 Prendi Fra Le Mani La Testa
B1 Il Mio Canto Libero
B2 Dove Arriva Quel Cespuglio
B3 La Collina Dei Ciliegi
B4 Lucia-ah
B5 Il Veliero
Hoes: [invullen]. Vinyl: [invullen].
https://www.discogs.com/release/539634",43,2.91,,https://www.discogs.com/release/539634,4827294 Germany 1977 Vinyl LP Compilation Test Pressing | 37906983 Germany None Vinyl LP Compilation Reissue | 2440521 Japan None Vinyl LP Album Quadraphonic,Lucio Battisti,PL 34007,1x Vinyl LP Compilation Stereo,IMG20260913170711.jpg;IMG20260913170717.jpg,,10,,,95,tracklist,Germany,False,Numero Uno,1,herkend op tracklist: 9 van 10 tracktitels teruggevonden (via PL34007),539634,,1977,"Electronic, Rock, Soft Rock, Pop Rock, Disco",552,1977,Numero Uno,Germany,Ancora Tu Greatest Hits,A1 Ancora Tu | A2 La Luce Dell'Est | A3 Un Uomo Che Ti Ama | A4 Il Nostro Caro Angelo | A5 Prendi Fra Le Mani La Testa | B1 Il Mio Canto Libero | B2 Dove Arriva Quel Cespuglio | B3 La Collina Dei Ciliegi | B4 Lucia-ah | B5 Il Veliero,57
170738,LP,Various,Gouden Uren,ADEH 67,3924718,5.0,los of lot,LP Various - Gouden Uren - Arcade,"LP, Arcade ADEH 67
Persing Netherlands 1980
2x Vinyl LP Compilation
A1 Bilitis (Scene D'Amour)
A2 Nights In White Satin
A3 Samba Pa Ti
A4 Lonely Sheppard
A5 When I Need You
A6 Yesterday
A7 I Feel Love
A8 La Comparsa
B1 Nostalgia
B2 If You Could Read My Mind
B3 Deer Hunter
B4 El Condor Pasa
B5 Love Story
B6 Verde
B7 The Last Waltz
B8 One Way Wind
C1 Ballade Pour Adeline
C2 What's Another Year
C3 It Will Come In Time
C4 Rise
C5 Somewhere My Love
C6 Dolanes Melody
C7 Le Rêve
C8 The Windmills Of Your Mind
D1 Le Sauvage
D2 Mull Of Kintyre
Hoes: [invullen]. Vinyl: [invullen].
https://www.discogs.com/release/3924718",29,1.14,,https://www.discogs.com/release/3924718,14855475 Netherlands 1983 Vinyl LP Compilation Reissue | 3451336 Netherlands 1981 Vinyl LP Compilation | 5463443 Netherlands 1980 Vinyl LP Compilation Stereo,Various,ADEH 67,2x Vinyl LP Compilation,IMG20260913170738.jpg;IMG20260913170743.jpg;IMG20260913170751.jpg,,32,,,260,hoesbeeld,Netherlands,False,Arcade,2,herkend op hoesbeeld: 260 samenvallende punten met de afbeelding op Discogs (gevonden via tekstzoek: Uren Michel Legrand Michael Mill Company),3924718,,1980,"Jazz, Pop, Easy Listening",150,1980,Arcade,Netherlands,Gouden Uren,A1 Bilitis (Scene D'Amour) | A2 Nights In White Satin | A3 Samba Pa Ti | A4 Lonely Sheppard | A5 When I Need You | A6 Yesterday | A7 I Feel Love | A8 La Comparsa | B1 Nostalgia | B2 If You Could Read My Mind | B3 Deer Hunter | B4 El Condor Pasa | B5 Love Story | B6 Verde | B7 The Last Waltz | B8 One Way Wind | C1 Ballade Pour Adeline | C2 What's Another Year | C3 It Will Come In Time | C4 Rise | C5 Somewhere My Love | C6 Dolanes Melody | C7 Le Rêve | C8 The Windmills Of Your Mind | D1 Le Sauvage | D2 Mull Of Kintyre,0
